pair_id,jd_id,cv_id,primary_keyword,exp_band
14d17622-98ce-51a0-9d23-4e72919b4841__814ba7ce-01a1-5f14-8b4f-dc83c194eb49,14d17622-98ce-51a0-9d23-4e72919b4841,814ba7ce-01a1-5f14-8b4f-dc83c194eb49,Data Analyst,0-1
14d17622-98ce-51a0-9d23-4e72919b4841__c09061b2-3c96-52df-809b-cfb8a05d3b62,14d17622-98ce-51a0-9d23-4e72919b4841,c09061b2-3c96-52df-809b-cfb8a05d3b62,Data Analyst,0-1
14d17622-98ce-51a0-9d23-4e72919b4841__d55354ab-efd2-5a71-8ba5-2b0725126939,14d17622-98ce-51a0-9d23-4e72919b4841,d55354ab-efd2-5a71-8ba5-2b0725126939,Data Analyst,0-1
14d17622-98ce-51a0-9d23-4e72919b4841__df3549fd-4c06-5b21-a4c4-3d9ac5713120,14d17622-98ce-51a0-9d23-4e72919b4841,df3549fd-4c06-5b21-a4c4-3d9ac5713120,Data Analyst,0-1
14d17622-98ce-51a0-9d23-4e72919b4841__fb51d623-a804-53fc-b0d3-4f6581aa0e21,14d17622-98ce-51a0-9d23-4e72919b4841,fb51d623-a804-53fc-b0d3-4f6581aa0e21,Data Analyst,0-1
14fa6ecb-391c-5aff-9aca-8100c823e7b1__1a124a88-12d4-5f0c-ba91-4439b53c95f5,14fa6ecb-391c-5aff-9aca-8100c823e7b1,1a124a88-12d4-5f0c-ba91-4439b53c95f5,Data Analyst,0-1
14fa6ecb-391c-5aff-9aca-8100c823e7b1__2cb87ef0-101a-5fa8-b71f-6503809ce668,14fa6ecb-391c-5aff-9aca-8100c823e7b1,2cb87ef0-101a-5fa8-b71f-6503809ce668,Data Analyst,0-1
14fa6ecb-391c-5aff-9aca-8100c823e7b1__b0704af0-ec9d-5459-9f1f-ba5ce8e4cedf,14fa6ecb-391c-5aff-9aca-8100c823e7b1,b0704af0-ec9d-5459-9f1f-ba5ce8e4cedf,Data Analyst,0-1
14fa6ecb-391c-5aff-9aca-8100c823e7b1__dd02368b-c217-5df3-a3f3-0d4dd152d2d0,14fa6ecb-391c-5aff-9aca-8100c823e7b1,dd02368b-c217-5df3-a3f3-0d4dd152d2d0,Data Analyst,0-1
14fa6ecb-391c-5aff-9aca-8100c823e7b1__e2365c62-d600-5898-84a6-3c0579b107e3,14fa6ecb-391c-5aff-9aca-8100c823e7b1,e2365c62-d600-5898-84a6-3c0579b107e3,Data Analyst,0-1
2600cdda-a925-545f-b939-658f7b913504__83db7ba8-4c7e-5569-9829-9e386e860957,2600cdda-a925-545f-b939-658f7b913504,83db7ba8-4c7e-5569-9829-9e386e860957,Data Analyst,0-1
2600cdda-a925-545f-b939-658f7b913504__9e365c7c-63fd-5566-b559-31d95baff54b,2600cdda-a925-545f-b939-658f7b913504,9e365c7c-63fd-5566-b559-31d95baff54b,Data Analyst,0-1
2600cdda-a925-545f-b939-658f7b913504__ab001447-6f10-568b-9e59-cb477035bf6e,2600cdda-a925-545f-b939-658f7b913504,ab001447-6f10-568b-9e59-cb477035bf6e,Data Analyst,0-1
2600cdda-a925-545f-b939-658f7b913504__c073cde0-1dcf-5127-988f-d7afb8e8052a,2600cdda-a925-545f-b939-658f7b913504,c073cde0-1dcf-5127-988f-d7afb8e8052a,Data Analyst,0-1
2600cdda-a925-545f-b939-658f7b913504__ef4951c7-95ec-5db7-8b8f-562ec6e58b82,2600cdda-a925-545f-b939-658f7b913504,ef4951c7-95ec-5db7-8b8f-562ec6e58b82,Data Analyst,0-1
26aefea4-125d-5cfa-8302-858394b3fc9f__39e605f4-a7f0-555e-bc26-26d0d5b7dcc3,26aefea4-125d-5cfa-8302-858394b3fc9f,39e605f4-a7f0-555e-bc26-26d0d5b7dcc3,Data Analyst,0-1
26aefea4-125d-5cfa-8302-858394b3fc9f__6913a1ab-bdcd-5913-8de5-f7f1977446c6,26aefea4-125d-5cfa-8302-858394b3fc9f,6913a1ab-bdcd-5913-8de5-f7f1977446c6,Data Analyst,0-1
26aefea4-125d-5cfa-8302-858394b3fc9f__b0704af0-ec9d-5459-9f1f-ba5ce8e4cedf,26aefea4-125d-5cfa-8302-858394b3fc9f,b0704af0-ec9d-5459-9f1f-ba5ce8e4cedf,Data Analyst,0-1
26aefea4-125d-5cfa-8302-858394b3fc9f__cd0d9542-0369-58d5-a306-80a9d098fc55,26aefea4-125d-5cfa-8302-858394b3fc9f,cd0d9542-0369-58d5-a306-80a9d098fc55,Data Analyst,0-1
26aefea4-125d-5cfa-8302-858394b3fc9f__df7a41ea-5d2d-51f5-84d7-0d13a3162ab2,26aefea4-125d-5cfa-8302-858394b3fc9f,df7a41ea-5d2d-51f5-84d7-0d13a3162ab2,Data Analyst,0-1
3106b292-6799-53d6-9f36-8168521c7311__065cf60d-81cb-56cc-a41d-3678e9b489ba,3106b292-6799-53d6-9f36-8168521c7311,065cf60d-81cb-56cc-a41d-3678e9b489ba,Data Analyst,0-1
3106b292-6799-53d6-9f36-8168521c7311__4648961d-0d37-5b45-9cb3-e02c3d3e6fd0,3106b292-6799-53d6-9f36-8168521c7311,4648961d-0d37-5b45-9cb3-e02c3d3e6fd0,Data Analyst,0-1
3106b292-6799-53d6-9f36-8168521c7311__5a2c6484-6115-51b5-8bdb-7ef5143902f1,3106b292-6799-53d6-9f36-8168521c7311,5a2c6484-6115-51b5-8bdb-7ef5143902f1,Data Analyst,0-1
3106b292-6799-53d6-9f36-8168521c7311__8890e840-22c2-5391-b7f2-3341687d517c,3106b292-6799-53d6-9f36-8168521c7311,8890e840-22c2-5391-b7f2-3341687d517c,Data Analyst,0-1
3106b292-6799-53d6-9f36-8168521c7311__dee70566-945c-5287-b3e3-93d9d708c0ec,3106b292-6799-53d6-9f36-8168521c7311,dee70566-945c-5287-b3e3-93d9d708c0ec,Data Analyst,0-1
3cfc8799-74bd-59c7-b1c1-fb63cde02214__79eb5b9a-6e3d-5684-85d7-86b75612a0cb,3cfc8799-74bd-59c7-b1c1-fb63cde02214,79eb5b9a-6e3d-5684-85d7-86b75612a0cb,Data Analyst,0-1
3cfc8799-74bd-59c7-b1c1-fb63cde02214__85ebfb85-7b84-5f1a-b85f-cd3a58a98ec8,3cfc8799-74bd-59c7-b1c1-fb63cde02214,85ebfb85-7b84-5f1a-b85f-cd3a58a98ec8,Data Analyst,0-1
3cfc8799-74bd-59c7-b1c1-fb63cde02214__8e185e53-00f1-5adc-9e6e-d8d6e8763df9,3cfc8799-74bd-59c7-b1c1-fb63cde02214,8e185e53-00f1-5adc-9e6e-d8d6e8763df9,Data Analyst,0-1
3cfc8799-74bd-59c7-b1c1-fb63cde02214__a7adc3fe-493f-5c69-a439-20335632da47,3cfc8799-74bd-59c7-b1c1-fb63cde02214,a7adc3fe-493f-5c69-a439-20335632da47,Data Analyst,0-1
3cfc8799-74bd-59c7-b1c1-fb63cde02214__aa33cc1c-91f6-5d62-a48a-1349001ca525,3cfc8799-74bd-59c7-b1c1-fb63cde02214,aa33cc1c-91f6-5d62-a48a-1349001ca525,Data Analyst,0-1
59b7798e-82a1-513d-90c0-a5fcd66efcdc__40d8db45-3b91-577a-9df9-bd2e56a304dc,59b7798e-82a1-513d-90c0-a5fcd66efcdc,40d8db45-3b91-577a-9df9-bd2e56a304dc,Data Analyst,0-1
59b7798e-82a1-513d-90c0-a5fcd66efcdc__455ef00a-cd89-5776-b24f-b6268a266707,59b7798e-82a1-513d-90c0-a5fcd66efcdc,455ef00a-cd89-5776-b24f-b6268a266707,Data Analyst,0-1
59b7798e-82a1-513d-90c0-a5fcd66efcdc__a1d14fb7-83a2-5ebe-8871-3b7ec80f1a59,59b7798e-82a1-513d-90c0-a5fcd66efcdc,a1d14fb7-83a2-5ebe-8871-3b7ec80f1a59,Data Analyst,0-1
59b7798e-82a1-513d-90c0-a5fcd66efcdc__b005ebf3-af9a-530a-a033-d000aa98a274,59b7798e-82a1-513d-90c0-a5fcd66efcdc,b005ebf3-af9a-530a-a033-d000aa98a274,Data Analyst,0-1
59b7798e-82a1-513d-90c0-a5fcd66efcdc__dc8b83d2-f854-572b-ae99-f6eb46d13559,59b7798e-82a1-513d-90c0-a5fcd66efcdc,dc8b83d2-f854-572b-ae99-f6eb46d13559,Data Analyst,0-1
59bb6664-0f30-51ca-9919-cbd49a84a3f2__7969d37f-7041-5de9-8358-0e54e9e9ca8a,59bb6664-0f30-51ca-9919-cbd49a84a3f2,7969d37f-7041-5de9-8358-0e54e9e9ca8a,Data Analyst,0-1
59bb6664-0f30-51ca-9919-cbd49a84a3f2__9a44981f-455e-539e-8dad-eeb479500729,59bb6664-0f30-51ca-9919-cbd49a84a3f2,9a44981f-455e-539e-8dad-eeb479500729,Data Analyst,0-1
59bb6664-0f30-51ca-9919-cbd49a84a3f2__bd93b19e-82b4-549d-be9d-21e90879015c,59bb6664-0f30-51ca-9919-cbd49a84a3f2,bd93b19e-82b4-549d-be9d-21e90879015c,Data Analyst,0-1
59bb6664-0f30-51ca-9919-cbd49a84a3f2__c986bee9-b8f1-5962-8248-08b5b9dce55c,59bb6664-0f30-51ca-9919-cbd49a84a3f2,c986bee9-b8f1-5962-8248-08b5b9dce55c,Data Analyst,0-1
59bb6664-0f30-51ca-9919-cbd49a84a3f2__d714f193-99f7-581e-8940-1eec1ce2f14d,59bb6664-0f30-51ca-9919-cbd49a84a3f2,d714f193-99f7-581e-8940-1eec1ce2f14d,Data Analyst,0-1
8885aa68-6aa9-55e5-97a0-bffe34436abc__11e3048b-a4bd-5363-a173-556e9e03b26b,8885aa68-6aa9-55e5-97a0-bffe34436abc,11e3048b-a4bd-5363-a173-556e9e03b26b,Data Analyst,0-1
8885aa68-6aa9-55e5-97a0-bffe34436abc__47628296-775f-5b65-b425-314ad8ba97cd,8885aa68-6aa9-55e5-97a0-bffe34436abc,47628296-775f-5b65-b425-314ad8ba97cd,Data Analyst,0-1
8885aa68-6aa9-55e5-97a0-bffe34436abc__6913a1ab-bdcd-5913-8de5-f7f1977446c6,8885aa68-6aa9-55e5-97a0-bffe34436abc,6913a1ab-bdcd-5913-8de5-f7f1977446c6,Data Analyst,0-1
8885aa68-6aa9-55e5-97a0-bffe34436abc__a1498181-2e2e-5492-a5c5-15eb7ff6b67a,8885aa68-6aa9-55e5-97a0-bffe34436abc,a1498181-2e2e-5492-a5c5-15eb7ff6b67a,Data Analyst,0-1
8885aa68-6aa9-55e5-97a0-bffe34436abc__b4478ced-87e2-553b-b987-8e462647ef6e,8885aa68-6aa9-55e5-97a0-bffe34436abc,b4478ced-87e2-553b-b987-8e462647ef6e,Data Analyst,0-1
8f65345f-0534-5ab7-b013-222535ea074a__036bf807-8eda-5118-926c-fb55962c5cfd,8f65345f-0534-5ab7-b013-222535ea074a,036bf807-8eda-5118-926c-fb55962c5cfd,Data Analyst,0-1
8f65345f-0534-5ab7-b013-222535ea074a__15442705-a78a-518d-8f6a-073f47a7fc13,8f65345f-0534-5ab7-b013-222535ea074a,15442705-a78a-518d-8f6a-073f47a7fc13,Data Analyst,0-1
8f65345f-0534-5ab7-b013-222535ea074a__9a44981f-455e-539e-8dad-eeb479500729,8f65345f-0534-5ab7-b013-222535ea074a,9a44981f-455e-539e-8dad-eeb479500729,Data Analyst,0-1
8f65345f-0534-5ab7-b013-222535ea074a__a22170dc-7892-519b-82b0-13b4756d9949,8f65345f-0534-5ab7-b013-222535ea074a,a22170dc-7892-519b-82b0-13b4756d9949,Data Analyst,0-1
8f65345f-0534-5ab7-b013-222535ea074a__a3e089d5-0402-5ab0-9659-8b3bc5f4a610,8f65345f-0534-5ab7-b013-222535ea074a,a3e089d5-0402-5ab0-9659-8b3bc5f4a610,Data Analyst,0-1
9b71b5be-ffe4-5250-a2f4-36af6a745375__0e7aa6c1-ebc8-53e1-87c7-d6d794ab7cd0,9b71b5be-ffe4-5250-a2f4-36af6a745375,0e7aa6c1-ebc8-53e1-87c7-d6d794ab7cd0,Data Analyst,0-1
9b71b5be-ffe4-5250-a2f4-36af6a745375__34dfb571-6545-5053-9da4-5aef6ac52999,9b71b5be-ffe4-5250-a2f4-36af6a745375,34dfb571-6545-5053-9da4-5aef6ac52999,Data Analyst,0-1
9b71b5be-ffe4-5250-a2f4-36af6a745375__cda117fa-b8e5-53ee-99a7-8eb2ac7bfed3,9b71b5be-ffe4-5250-a2f4-36af6a745375,cda117fa-b8e5-53ee-99a7-8eb2ac7bfed3,Data Analyst,0-1
9b71b5be-ffe4-5250-a2f4-36af6a745375__dff96e16-79b5-5b1c-a895-61a2862e76e7,9b71b5be-ffe4-5250-a2f4-36af6a745375,dff96e16-79b5-5b1c-a895-61a2862e76e7,Data Analyst,0-1
9b71b5be-ffe4-5250-a2f4-36af6a745375__e2e0b02f-0313-52be-9a8a-6664ab52b67e,9b71b5be-ffe4-5250-a2f4-36af6a745375,e2e0b02f-0313-52be-9a8a-6664ab52b67e,Data Analyst,0-1
c2a0b0a9-ef78-51f7-836c-b1e6d21fb0bf__c986bee9-b8f1-5962-8248-08b5b9dce55c,c2a0b0a9-ef78-51f7-836c-b1e6d21fb0bf,c986bee9-b8f1-5962-8248-08b5b9dce55c,Data Analyst,0-1
c2a0b0a9-ef78-51f7-836c-b1e6d21fb0bf__d4086417-0e15-59a2-969c-2e0eb57bbcfb,c2a0b0a9-ef78-51f7-836c-b1e6d21fb0bf,d4086417-0e15-59a2-969c-2e0eb57bbcfb,Data Analyst,0-1
c2a0b0a9-ef78-51f7-836c-b1e6d21fb0bf__d932f526-70f6-5ccf-b04d-53bf14ce11d7,c2a0b0a9-ef78-51f7-836c-b1e6d21fb0bf,d932f526-70f6-5ccf-b04d-53bf14ce11d7,Data Analyst,0-1
c2a0b0a9-ef78-51f7-836c-b1e6d21fb0bf__e27c554f-2ed6-531e-976b-05641402845b,c2a0b0a9-ef78-51f7-836c-b1e6d21fb0bf,e27c554f-2ed6-531e-976b-05641402845b,Data Analyst,0-1
c2a0b0a9-ef78-51f7-836c-b1e6d21fb0bf__f38581c7-9c1e-5490-919a-237ff5ee6c6a,c2a0b0a9-ef78-51f7-836c-b1e6d21fb0bf,f38581c7-9c1e-5490-919a-237ff5ee6c6a,Data Analyst,0-1
d991c750-5f6e-5771-a99f-91c31625f145__4b604d18-6ef7-5410-add1-ab7bf7cb1279,d991c750-5f6e-5771-a99f-91c31625f145,4b604d18-6ef7-5410-add1-ab7bf7cb1279,Data Analyst,0-1
d991c750-5f6e-5771-a99f-91c31625f145__831816ca-5bb4-516c-8750-30507fca98bf,d991c750-5f6e-5771-a99f-91c31625f145,831816ca-5bb4-516c-8750-30507fca98bf,Data Analyst,0-1
d991c750-5f6e-5771-a99f-91c31625f145__92ac880f-c93e-527e-aca6-5c794c29c094,d991c750-5f6e-5771-a99f-91c31625f145,92ac880f-c93e-527e-aca6-5c794c29c094,Data Analyst,0-1
d991c750-5f6e-5771-a99f-91c31625f145__ef4951c7-95ec-5db7-8b8f-562ec6e58b82,d991c750-5f6e-5771-a99f-91c31625f145,ef4951c7-95ec-5db7-8b8f-562ec6e58b82,Data Analyst,0-1
d991c750-5f6e-5771-a99f-91c31625f145__fa2aef44-bac6-5bf5-af70-1b12ce1c457c,d991c750-5f6e-5771-a99f-91c31625f145,fa2aef44-bac6-5bf5-af70-1b12ce1c457c,Data Analyst,0-1
de83cdb3-85ba-5a66-92a9-90aa0dd899b2__950a1231-4d43-5736-b0d6-46ccfd169ed0,de83cdb3-85ba-5a66-92a9-90aa0dd899b2,950a1231-4d43-5736-b0d6-46ccfd169ed0,Data Analyst,0-1
de83cdb3-85ba-5a66-92a9-90aa0dd899b2__a7b8e271-370c-59a8-9111-50bba706e423,de83cdb3-85ba-5a66-92a9-90aa0dd899b2,a7b8e271-370c-59a8-9111-50bba706e423,Data Analyst,0-1
de83cdb3-85ba-5a66-92a9-90aa0dd899b2__e15c70ab-c3de-5444-aeed-29f2183a7843,de83cdb3-85ba-5a66-92a9-90aa0dd899b2,e15c70ab-c3de-5444-aeed-29f2183a7843,Data Analyst,0-1
de83cdb3-85ba-5a66-92a9-90aa0dd899b2__ea9a3d42-1021-5844-ae4a-536395568ffb,de83cdb3-85ba-5a66-92a9-90aa0dd899b2,ea9a3d42-1021-5844-ae4a-536395568ffb,Data Analyst,0-1
de83cdb3-85ba-5a66-92a9-90aa0dd899b2__fa2aef44-bac6-5bf5-af70-1b12ce1c457c,de83cdb3-85ba-5a66-92a9-90aa0dd899b2,fa2aef44-bac6-5bf5-af70-1b12ce1c457c,Data Analyst,0-1
f250c5ec-4e3c-590d-9457-630e2f2d9b5b__04190d08-2e34-5682-8830-5351b8d5b747,f250c5ec-4e3c-590d-9457-630e2f2d9b5b,04190d08-2e34-5682-8830-5351b8d5b747,Data Analyst,0-1
f250c5ec-4e3c-590d-9457-630e2f2d9b5b__5fa7a933-5614-5975-838a-760e2c12f254,f250c5ec-4e3c-590d-9457-630e2f2d9b5b,5fa7a933-5614-5975-838a-760e2c12f254,Data Analyst,0-1
f250c5ec-4e3c-590d-9457-630e2f2d9b5b__89e6a21b-255d-5120-867a-711edaca603b,f250c5ec-4e3c-590d-9457-630e2f2d9b5b,89e6a21b-255d-5120-867a-711edaca603b,Data Analyst,0-1
f250c5ec-4e3c-590d-9457-630e2f2d9b5b__cd1cede6-9587-596c-82d0-2d4cf97f69ff,f250c5ec-4e3c-590d-9457-630e2f2d9b5b,cd1cede6-9587-596c-82d0-2d4cf97f69ff,Data Analyst,0-1
f250c5ec-4e3c-590d-9457-630e2f2d9b5b__dcbdb194-9291-5d64-a280-569bfe5d03b7,f250c5ec-4e3c-590d-9457-630e2f2d9b5b,dcbdb194-9291-5d64-a280-569bfe5d03b7,Data Analyst,0-1
13196cfb-1601-5ae0-80d9-541605348acb__29989abd-231e-5641-a04c-fef792371b0e,13196cfb-1601-5ae0-80d9-541605348acb,29989abd-231e-5641-a04c-fef792371b0e,Data Analyst,2-3
13196cfb-1601-5ae0-80d9-541605348acb__5fbb3afe-dede-5ec5-9c1d-71b756f3699f,13196cfb-1601-5ae0-80d9-541605348acb,5fbb3afe-dede-5ec5-9c1d-71b756f3699f,Data Analyst,2-3
13196cfb-1601-5ae0-80d9-541605348acb__bc083a71-810e-5983-b785-1a3744ece0a2,13196cfb-1601-5ae0-80d9-541605348acb,bc083a71-810e-5983-b785-1a3744ece0a2,Data Analyst,2-3
13196cfb-1601-5ae0-80d9-541605348acb__cc72da73-1e7b-5ed0-aa5d-487c069d9b58,13196cfb-1601-5ae0-80d9-541605348acb,cc72da73-1e7b-5ed0-aa5d-487c069d9b58,Data Analyst,2-3
13196cfb-1601-5ae0-80d9-541605348acb__e998309a-a834-56fd-bb2f-f267c56d879a,13196cfb-1601-5ae0-80d9-541605348acb,e998309a-a834-56fd-bb2f-f267c56d879a,Data Analyst,2-3
3075c139-e3d3-5715-8fd4-ca036f980ce1__4be7be7c-fafa-538c-be5b-1b632e5ed300,3075c139-e3d3-5715-8fd4-ca036f980ce1,4be7be7c-fafa-538c-be5b-1b632e5ed300,Data Analyst,2-3
3075c139-e3d3-5715-8fd4-ca036f980ce1__876fb076-145a-5429-98da-af0d0f2d49f1,3075c139-e3d3-5715-8fd4-ca036f980ce1,876fb076-145a-5429-98da-af0d0f2d49f1,Data Analyst,2-3
3075c139-e3d3-5715-8fd4-ca036f980ce1__904509ab-76f6-5d55-b283-0f3eea8bf098,3075c139-e3d3-5715-8fd4-ca036f980ce1,904509ab-76f6-5d55-b283-0f3eea8bf098,Data Analyst,2-3
3075c139-e3d3-5715-8fd4-ca036f980ce1__aaf2be5e-f2b0-5994-bf93-41fc478e1851,3075c139-e3d3-5715-8fd4-ca036f980ce1,aaf2be5e-f2b0-5994-bf93-41fc478e1851,Data Analyst,2-3
3075c139-e3d3-5715-8fd4-ca036f980ce1__e4a982f4-1003-5162-bad9-41b2ad8cd24d,3075c139-e3d3-5715-8fd4-ca036f980ce1,e4a982f4-1003-5162-bad9-41b2ad8cd24d,Data Analyst,2-3
318b95ca-a3ae-535b-b759-00b27723da15__093ea4c3-4098-5bd8-885f-c832dc2089af,318b95ca-a3ae-535b-b759-00b27723da15,093ea4c3-4098-5bd8-885f-c832dc2089af,Data Analyst,2-3
318b95ca-a3ae-535b-b759-00b27723da15__390a0584-d938-5bf7-a39f-9352535aebcb,318b95ca-a3ae-535b-b759-00b27723da15,390a0584-d938-5bf7-a39f-9352535aebcb,Data Analyst,2-3
318b95ca-a3ae-535b-b759-00b27723da15__9ecb8960-1aa7-57e5-950c-a2ef1d4e8c7f,318b95ca-a3ae-535b-b759-00b27723da15,9ecb8960-1aa7-57e5-950c-a2ef1d4e8c7f,Data Analyst,2-3
318b95ca-a3ae-535b-b759-00b27723da15__a82a87dd-3717-52a0-be95-1657e0e44a94,318b95ca-a3ae-535b-b759-00b27723da15,a82a87dd-3717-52a0-be95-1657e0e44a94,Data Analyst,2-3
318b95ca-a3ae-535b-b759-00b27723da15__c69db915-a9a4-547c-8701-084030f24759,318b95ca-a3ae-535b-b759-00b27723da15,c69db915-a9a4-547c-8701-084030f24759,Data Analyst,2-3
38755120-4d82-5c79-a63e-e3b09ed8e755__018fb9d1-545b-53f1-8f93-ae353b67e94c,38755120-4d82-5c79-a63e-e3b09ed8e755,018fb9d1-545b-53f1-8f93-ae353b67e94c,Data Analyst,2-3
38755120-4d82-5c79-a63e-e3b09ed8e755__118b022d-ec5c-5be5-8a78-cdaface46a7a,38755120-4d82-5c79-a63e-e3b09ed8e755,118b022d-ec5c-5be5-8a78-cdaface46a7a,Data Analyst,2-3
38755120-4d82-5c79-a63e-e3b09ed8e755__60a5619f-eaed-578b-b178-3387699d0b5b,38755120-4d82-5c79-a63e-e3b09ed8e755,60a5619f-eaed-578b-b178-3387699d0b5b,Data Analyst,2-3
38755120-4d82-5c79-a63e-e3b09ed8e755__777b50c3-00ff-5887-a21e-c0c815de7f03,38755120-4d82-5c79-a63e-e3b09ed8e755,777b50c3-00ff-5887-a21e-c0c815de7f03,Data Analyst,2-3
38755120-4d82-5c79-a63e-e3b09ed8e755__7b3eaf36-ec30-50cc-85e9-f6bcdae0736c,38755120-4d82-5c79-a63e-e3b09ed8e755,7b3eaf36-ec30-50cc-85e9-f6bcdae0736c,Data Analyst,2-3
52502471-ecd2-504e-b259-6d4de908d542__1c85b344-7c73-5a43-9968-f86aa04cfda4,52502471-ecd2-504e-b259-6d4de908d542,1c85b344-7c73-5a43-9968-f86aa04cfda4,Data Analyst,2-3
52502471-ecd2-504e-b259-6d4de908d542__25de8574-ed1c-5390-96e0-e521dd2251dc,52502471-ecd2-504e-b259-6d4de908d542,25de8574-ed1c-5390-96e0-e521dd2251dc,Data Analyst,2-3
52502471-ecd2-504e-b259-6d4de908d542__8d33f502-5ef1-5820-be59-7511411f4769,52502471-ecd2-504e-b259-6d4de908d542,8d33f502-5ef1-5820-be59-7511411f4769,Data Analyst,2-3
52502471-ecd2-504e-b259-6d4de908d542__d0863320-3289-507b-863d-9b38526222d9,52502471-ecd2-504e-b259-6d4de908d542,d0863320-3289-507b-863d-9b38526222d9,Data Analyst,2-3
52502471-ecd2-504e-b259-6d4de908d542__de4ea5db-b421-58c5-8c4a-8b1c24bb16bc,52502471-ecd2-504e-b259-6d4de908d542,de4ea5db-b421-58c5-8c4a-8b1c24bb16bc,Data Analyst,2-3
62d011ab-5cd4-5512-a3e1-bbe1e41f0791__3c1ef7e7-5b3c-5103-b4d1-3aeabc80e8a3,62d011ab-5cd4-5512-a3e1-bbe1e41f0791,3c1ef7e7-5b3c-5103-b4d1-3aeabc80e8a3,Data Analyst,2-3
62d011ab-5cd4-5512-a3e1-bbe1e41f0791__7372f22c-2f59-542e-bee1-7fea9d1889b1,62d011ab-5cd4-5512-a3e1-bbe1e41f0791,7372f22c-2f59-542e-bee1-7fea9d1889b1,Data Analyst,2-3
62d011ab-5cd4-5512-a3e1-bbe1e41f0791__c6f919a1-8223-5d86-8999-2b3455229e70,62d011ab-5cd4-5512-a3e1-bbe1e41f0791,c6f919a1-8223-5d86-8999-2b3455229e70,Data Analyst,2-3
62d011ab-5cd4-5512-a3e1-bbe1e41f0791__d9874064-f7fd-541d-9e5b-f0513e40b070,62d011ab-5cd4-5512-a3e1-bbe1e41f0791,d9874064-f7fd-541d-9e5b-f0513e40b070,Data Analyst,2-3
62d011ab-5cd4-5512-a3e1-bbe1e41f0791__dc3836b2-89c0-556a-a7db-89fd269543bf,62d011ab-5cd4-5512-a3e1-bbe1e41f0791,dc3836b2-89c0-556a-a7db-89fd269543bf,Data Analyst,2-3
67c744f9-ed8a-5875-a877-e3a9fac2b051__3ce0bf5b-8670-5ab8-8b45-d66ea9c2c162,67c744f9-ed8a-5875-a877-e3a9fac2b051,3ce0bf5b-8670-5ab8-8b45-d66ea9c2c162,Data Analyst,2-3
67c744f9-ed8a-5875-a877-e3a9fac2b051__4b98274c-5da5-56d5-9f9e-013dfee60b6e,67c744f9-ed8a-5875-a877-e3a9fac2b051,4b98274c-5da5-56d5-9f9e-013dfee60b6e,Data Analyst,2-3
67c744f9-ed8a-5875-a877-e3a9fac2b051__63ad997f-e336-5de2-958f-b62f024e8016,67c744f9-ed8a-5875-a877-e3a9fac2b051,63ad997f-e336-5de2-958f-b62f024e8016,Data Analyst,2-3
67c744f9-ed8a-5875-a877-e3a9fac2b051__d239725d-ad32-570b-98c1-01668b43e605,67c744f9-ed8a-5875-a877-e3a9fac2b051,d239725d-ad32-570b-98c1-01668b43e605,Data Analyst,2-3
67c744f9-ed8a-5875-a877-e3a9fac2b051__d52e5b76-ef18-5f3d-96a6-cb9a007ac168,67c744f9-ed8a-5875-a877-e3a9fac2b051,d52e5b76-ef18-5f3d-96a6-cb9a007ac168,Data Analyst,2-3
b37af31a-00a6-570f-8ffa-7088920d4b40__0b5fdd87-3fca-52d2-924e-96e0cc3a223e,b37af31a-00a6-570f-8ffa-7088920d4b40,0b5fdd87-3fca-52d2-924e-96e0cc3a223e,Data Analyst,2-3
b37af31a-00a6-570f-8ffa-7088920d4b40__4be7be7c-fafa-538c-be5b-1b632e5ed300,b37af31a-00a6-570f-8ffa-7088920d4b40,4be7be7c-fafa-538c-be5b-1b632e5ed300,Data Analyst,2-3
b37af31a-00a6-570f-8ffa-7088920d4b40__5c4340f9-81bf-5d5e-973d-47013c31c145,b37af31a-00a6-570f-8ffa-7088920d4b40,5c4340f9-81bf-5d5e-973d-47013c31c145,Data Analyst,2-3
b37af31a-00a6-570f-8ffa-7088920d4b40__889e9cbf-3103-5a3e-b127-5036b058b95b,b37af31a-00a6-570f-8ffa-7088920d4b40,889e9cbf-3103-5a3e-b127-5036b058b95b,Data Analyst,2-3
b37af31a-00a6-570f-8ffa-7088920d4b40__aaf196ba-032d-510b-9e23-c9a39cc66b3b,b37af31a-00a6-570f-8ffa-7088920d4b40,aaf196ba-032d-510b-9e23-c9a39cc66b3b,Data Analyst,2-3
c510f921-3bb6-5133-a21a-5d9f12144675__1b4866e6-ae4e-5309-9db1-cca537059117,c510f921-3bb6-5133-a21a-5d9f12144675,1b4866e6-ae4e-5309-9db1-cca537059117,Data Analyst,2-3
c510f921-3bb6-5133-a21a-5d9f12144675__26b83f32-49fc-5c9c-83fb-614d3fb9ddeb,c510f921-3bb6-5133-a21a-5d9f12144675,26b83f32-49fc-5c9c-83fb-614d3fb9ddeb,Data Analyst,2-3
c510f921-3bb6-5133-a21a-5d9f12144675__4b98274c-5da5-56d5-9f9e-013dfee60b6e,c510f921-3bb6-5133-a21a-5d9f12144675,4b98274c-5da5-56d5-9f9e-013dfee60b6e,Data Analyst,2-3
c510f921-3bb6-5133-a21a-5d9f12144675__759edd64-497a-51ec-89f5-b2dd99502d02,c510f921-3bb6-5133-a21a-5d9f12144675,759edd64-497a-51ec-89f5-b2dd99502d02,Data Analyst,2-3
c510f921-3bb6-5133-a21a-5d9f12144675__f4cc2aaf-2b00-5a6d-a59f-11f3ac216226,c510f921-3bb6-5133-a21a-5d9f12144675,f4cc2aaf-2b00-5a6d-a59f-11f3ac216226,Data Analyst,2-3
d296cb79-6da7-51ff-91a4-162f1dca5d66__22637396-6e3e-5797-a0b9-5e86c75f7bb0,d296cb79-6da7-51ff-91a4-162f1dca5d66,22637396-6e3e-5797-a0b9-5e86c75f7bb0,Data Analyst,2-3
d296cb79-6da7-51ff-91a4-162f1dca5d66__29989abd-231e-5641-a04c-fef792371b0e,d296cb79-6da7-51ff-91a4-162f1dca5d66,29989abd-231e-5641-a04c-fef792371b0e,Data Analyst,2-3
d296cb79-6da7-51ff-91a4-162f1dca5d66__2ad65520-e20b-55fe-8ddb-85b6ee8de92e,d296cb79-6da7-51ff-91a4-162f1dca5d66,2ad65520-e20b-55fe-8ddb-85b6ee8de92e,Data Analyst,2-3
d296cb79-6da7-51ff-91a4-162f1dca5d66__5a89b901-8d46-538a-b90e-7226f3470d23,d296cb79-6da7-51ff-91a4-162f1dca5d66,5a89b901-8d46-538a-b90e-7226f3470d23,Data Analyst,2-3
d296cb79-6da7-51ff-91a4-162f1dca5d66__cb7650f5-0751-5408-9554-d64d756f2c59,d296cb79-6da7-51ff-91a4-162f1dca5d66,cb7650f5-0751-5408-9554-d64d756f2c59,Data Analyst,2-3
d5769875-290c-5ac7-9a24-677e1d1520fd__2484f5d5-da14-5c7e-95e4-8d0ac5c8f2f5,d5769875-290c-5ac7-9a24-677e1d1520fd,2484f5d5-da14-5c7e-95e4-8d0ac5c8f2f5,Data Analyst,2-3
d5769875-290c-5ac7-9a24-677e1d1520fd__5e715978-a3ab-5e15-8fac-3b697944c217,d5769875-290c-5ac7-9a24-677e1d1520fd,5e715978-a3ab-5e15-8fac-3b697944c217,Data Analyst,2-3
d5769875-290c-5ac7-9a24-677e1d1520fd__5fbb3afe-dede-5ec5-9c1d-71b756f3699f,d5769875-290c-5ac7-9a24-677e1d1520fd,5fbb3afe-dede-5ec5-9c1d-71b756f3699f,Data Analyst,2-3
d5769875-290c-5ac7-9a24-677e1d1520fd__955ca61f-13fc-52ae-b310-b7d851a3ddb1,d5769875-290c-5ac7-9a24-677e1d1520fd,955ca61f-13fc-52ae-b310-b7d851a3ddb1,Data Analyst,2-3
d5769875-290c-5ac7-9a24-677e1d1520fd__c3313c33-89bb-54e4-8f81-fe607c064c25,d5769875-290c-5ac7-9a24-677e1d1520fd,c3313c33-89bb-54e4-8f81-fe607c064c25,Data Analyst,2-3
d9f11ac3-336a-5b6e-be8c-1a5ce5c2b9ef__13824149-fec4-5fbd-b83b-9414555b9a47,d9f11ac3-336a-5b6e-be8c-1a5ce5c2b9ef,13824149-fec4-5fbd-b83b-9414555b9a47,Data Analyst,2-3
d9f11ac3-336a-5b6e-be8c-1a5ce5c2b9ef__422a9694-b11a-5e71-ae01-b4c9eefa60ca,d9f11ac3-336a-5b6e-be8c-1a5ce5c2b9ef,422a9694-b11a-5e71-ae01-b4c9eefa60ca,Data Analyst,2-3
d9f11ac3-336a-5b6e-be8c-1a5ce5c2b9ef__94d6a5e1-cb1e-5999-93d5-08b3ff12df4d,d9f11ac3-336a-5b6e-be8c-1a5ce5c2b9ef,94d6a5e1-cb1e-5999-93d5-08b3ff12df4d,Data Analyst,2-3
d9f11ac3-336a-5b6e-be8c-1a5ce5c2b9ef__9fca63b1-d511-58eb-aab1-7246a35537ae,d9f11ac3-336a-5b6e-be8c-1a5ce5c2b9ef,9fca63b1-d511-58eb-aab1-7246a35537ae,Data Analyst,2-3
d9f11ac3-336a-5b6e-be8c-1a5ce5c2b9ef__f3c6ad01-8e6c-5aab-8793-b9ff33efd8ef,d9f11ac3-336a-5b6e-be8c-1a5ce5c2b9ef,f3c6ad01-8e6c-5aab-8793-b9ff33efd8ef,Data Analyst,2-3
dc6f4555-36a8-5c9a-a8fb-a0d62704a002__09bd1329-3534-51b9-9e3f-6d0414f97528,dc6f4555-36a8-5c9a-a8fb-a0d62704a002,09bd1329-3534-51b9-9e3f-6d0414f97528,Data Analyst,2-3
dc6f4555-36a8-5c9a-a8fb-a0d62704a002__0a1f817c-ce7a-57f2-9a0e-0864a3d09e8b,dc6f4555-36a8-5c9a-a8fb-a0d62704a002,0a1f817c-ce7a-57f2-9a0e-0864a3d09e8b,Data Analyst,2-3
dc6f4555-36a8-5c9a-a8fb-a0d62704a002__43804160-d79f-540d-9cd4-09f3fcc97287,dc6f4555-36a8-5c9a-a8fb-a0d62704a002,43804160-d79f-540d-9cd4-09f3fcc97287,Data Analyst,2-3
dc6f4555-36a8-5c9a-a8fb-a0d62704a002__44e8f5fd-4e4a-5d2b-80e0-428172a0e6db,dc6f4555-36a8-5c9a-a8fb-a0d62704a002,44e8f5fd-4e4a-5d2b-80e0-428172a0e6db,Data Analyst,2-3
dc6f4555-36a8-5c9a-a8fb-a0d62704a002__ed7731ee-1989-5d70-98a2-245db2345d3b,dc6f4555-36a8-5c9a-a8fb-a0d62704a002,ed7731ee-1989-5d70-98a2-245db2345d3b,Data Analyst,2-3
e250afaa-4aea-5b15-9d52-f0c8bb8053ef__53bcade7-b4d2-5098-8d8a-752bb635d689,e250afaa-4aea-5b15-9d52-f0c8bb8053ef,53bcade7-b4d2-5098-8d8a-752bb635d689,Data Analyst,2-3
e250afaa-4aea-5b15-9d52-f0c8bb8053ef__5c4340f9-81bf-5d5e-973d-47013c31c145,e250afaa-4aea-5b15-9d52-f0c8bb8053ef,5c4340f9-81bf-5d5e-973d-47013c31c145,Data Analyst,2-3
e250afaa-4aea-5b15-9d52-f0c8bb8053ef__8a7e0b29-9abc-5dd2-bde1-1c9e8e8f731f,e250afaa-4aea-5b15-9d52-f0c8bb8053ef,8a7e0b29-9abc-5dd2-bde1-1c9e8e8f731f,Data Analyst,2-3
e250afaa-4aea-5b15-9d52-f0c8bb8053ef__ebe5c73e-5486-51c1-8d05-0932ac64fb27,e250afaa-4aea-5b15-9d52-f0c8bb8053ef,ebe5c73e-5486-51c1-8d05-0932ac64fb27,Data Analyst,2-3
e250afaa-4aea-5b15-9d52-f0c8bb8053ef__f6e84011-4ffb-5f92-95cf-5e88e8897861,e250afaa-4aea-5b15-9d52-f0c8bb8053ef,f6e84011-4ffb-5f92-95cf-5e88e8897861,Data Analyst,2-3
ea7c631b-c2e2-573c-ba89-36b94447e770__11fc67d2-3f1b-5264-aaf2-8f776862e5a6,ea7c631b-c2e2-573c-ba89-36b94447e770,11fc67d2-3f1b-5264-aaf2-8f776862e5a6,Data Analyst,2-3
ea7c631b-c2e2-573c-ba89-36b94447e770__36f3a5c6-092e-5408-9817-ba9b6c14780e,ea7c631b-c2e2-573c-ba89-36b94447e770,36f3a5c6-092e-5408-9817-ba9b6c14780e,Data Analyst,2-3
ea7c631b-c2e2-573c-ba89-36b94447e770__a10be2de-c654-58a9-b7a8-224d2853ddc0,ea7c631b-c2e2-573c-ba89-36b94447e770,a10be2de-c654-58a9-b7a8-224d2853ddc0,Data Analyst,2-3
ea7c631b-c2e2-573c-ba89-36b94447e770__dc94ad4c-46ff-5cff-a29e-b7d441b1e138,ea7c631b-c2e2-573c-ba89-36b94447e770,dc94ad4c-46ff-5cff-a29e-b7d441b1e138,Data Analyst,2-3
ea7c631b-c2e2-573c-ba89-36b94447e770__e6c70ba7-86b3-5647-9e33-4acaaa047082,ea7c631b-c2e2-573c-ba89-36b94447e770,e6c70ba7-86b3-5647-9e33-4acaaa047082,Data Analyst,2-3
3ea948f2-4b0c-5ce6-8ade-78f05d0bfd4c__2a23eea5-e9c5-5c58-8fd1-5d33e2d17c62,3ea948f2-4b0c-5ce6-8ade-78f05d0bfd4c,2a23eea5-e9c5-5c58-8fd1-5d33e2d17c62,Data Analyst,4-6
3ea948f2-4b0c-5ce6-8ade-78f05d0bfd4c__7abeef5e-f246-5ba8-8456-9f685fea5dd1,3ea948f2-4b0c-5ce6-8ade-78f05d0bfd4c,7abeef5e-f246-5ba8-8456-9f685fea5dd1,Data Analyst,4-6
3ea948f2-4b0c-5ce6-8ade-78f05d0bfd4c__cd19fae9-e14f-5c90-abc3-6b7cbcab9ab5,3ea948f2-4b0c-5ce6-8ade-78f05d0bfd4c,cd19fae9-e14f-5c90-abc3-6b7cbcab9ab5,Data Analyst,4-6
3ea948f2-4b0c-5ce6-8ade-78f05d0bfd4c__dcd3535f-44fa-588e-804f-4040ff4f9a78,3ea948f2-4b0c-5ce6-8ade-78f05d0bfd4c,dcd3535f-44fa-588e-804f-4040ff4f9a78,Data Analyst,4-6
3ea948f2-4b0c-5ce6-8ade-78f05d0bfd4c__e31c63a3-4ee0-5aa2-9c1f-5b287a79ef66,3ea948f2-4b0c-5ce6-8ade-78f05d0bfd4c,e31c63a3-4ee0-5aa2-9c1f-5b287a79ef66,Data Analyst,4-6
4b2c37f6-e3f6-550e-8e47-49c5cab0a2a0__3b205116-e4b9-52e6-91a6-a3fa653fc2ac,4b2c37f6-e3f6-550e-8e47-49c5cab0a2a0,3b205116-e4b9-52e6-91a6-a3fa653fc2ac,Data Analyst,4-6
4b2c37f6-e3f6-550e-8e47-49c5cab0a2a0__6a2d60fd-4340-5432-b011-8d1efaf7afaa,4b2c37f6-e3f6-550e-8e47-49c5cab0a2a0,6a2d60fd-4340-5432-b011-8d1efaf7afaa,Data Analyst,4-6
4b2c37f6-e3f6-550e-8e47-49c5cab0a2a0__6d818de0-7307-5785-8d75-c900993a17cb,4b2c37f6-e3f6-550e-8e47-49c5cab0a2a0,6d818de0-7307-5785-8d75-c900993a17cb,Data Analyst,4-6
4b2c37f6-e3f6-550e-8e47-49c5cab0a2a0__b4e49514-feba-5f3c-9b0b-ef0ab4b1a5ef,4b2c37f6-e3f6-550e-8e47-49c5cab0a2a0,b4e49514-feba-5f3c-9b0b-ef0ab4b1a5ef,Data Analyst,4-6
4b2c37f6-e3f6-550e-8e47-49c5cab0a2a0__e31c63a3-4ee0-5aa2-9c1f-5b287a79ef66,4b2c37f6-e3f6-550e-8e47-49c5cab0a2a0,e31c63a3-4ee0-5aa2-9c1f-5b287a79ef66,Data Analyst,4-6
4e861c1c-c269-505c-a69a-e1b504ef0f14__014280db-7c9f-591b-a2e2-91b04e9a8766,4e861c1c-c269-505c-a69a-e1b504ef0f14,014280db-7c9f-591b-a2e2-91b04e9a8766,Data Analyst,4-6
4e861c1c-c269-505c-a69a-e1b504ef0f14__233d6ceb-6900-5970-9ff4-8ce0cab73949,4e861c1c-c269-505c-a69a-e1b504ef0f14,233d6ceb-6900-5970-9ff4-8ce0cab73949,Data Analyst,4-6
4e861c1c-c269-505c-a69a-e1b504ef0f14__3e7f4d27-3aec-5ed6-b024-e885c5c0b660,4e861c1c-c269-505c-a69a-e1b504ef0f14,3e7f4d27-3aec-5ed6-b024-e885c5c0b660,Data Analyst,4-6
4e861c1c-c269-505c-a69a-e1b504ef0f14__870b3bf2-4222-51d4-a45e-97555e35a378,4e861c1c-c269-505c-a69a-e1b504ef0f14,870b3bf2-4222-51d4-a45e-97555e35a378,Data Analyst,4-6
4e861c1c-c269-505c-a69a-e1b504ef0f14__c2d16811-29a7-5afb-82bd-1d7f17ef47ba,4e861c1c-c269-505c-a69a-e1b504ef0f14,c2d16811-29a7-5afb-82bd-1d7f17ef47ba,Data Analyst,4-6
56ffa9c2-7012-57e2-812d-29f4f65a681a__05752d7e-5f06-5fb9-bf33-5df915054d08,56ffa9c2-7012-57e2-812d-29f4f65a681a,05752d7e-5f06-5fb9-bf33-5df915054d08,Data Analyst,4-6
56ffa9c2-7012-57e2-812d-29f4f65a681a__67921044-50b5-555b-97d8-78ebd4420831,56ffa9c2-7012-57e2-812d-29f4f65a681a,67921044-50b5-555b-97d8-78ebd4420831,Data Analyst,4-6
56ffa9c2-7012-57e2-812d-29f4f65a681a__78109357-17c6-5c02-b9b3-52025498e386,56ffa9c2-7012-57e2-812d-29f4f65a681a,78109357-17c6-5c02-b9b3-52025498e386,Data Analyst,4-6
56ffa9c2-7012-57e2-812d-29f4f65a681a__a2b1629e-54ad-56ef-8929-1c2f9c153c9b,56ffa9c2-7012-57e2-812d-29f4f65a681a,a2b1629e-54ad-56ef-8929-1c2f9c153c9b,Data Analyst,4-6
56ffa9c2-7012-57e2-812d-29f4f65a681a__a830cae4-e26a-579a-bee6-c5b8089bdee1,56ffa9c2-7012-57e2-812d-29f4f65a681a,a830cae4-e26a-579a-bee6-c5b8089bdee1,Data Analyst,4-6
81f6c322-d2de-5e5b-b0ff-0196d510384e__076e506b-83c6-54de-9305-50225ad5ac03,81f6c322-d2de-5e5b-b0ff-0196d510384e,076e506b-83c6-54de-9305-50225ad5ac03,Data Analyst,4-6
81f6c322-d2de-5e5b-b0ff-0196d510384e__5941d804-affc-587b-a28d-6a940e7ec5f9,81f6c322-d2de-5e5b-b0ff-0196d510384e,5941d804-affc-587b-a28d-6a940e7ec5f9,Data Analyst,4-6
81f6c322-d2de-5e5b-b0ff-0196d510384e__5d166d9a-9555-57a5-a5cb-403afec50127,81f6c322-d2de-5e5b-b0ff-0196d510384e,5d166d9a-9555-57a5-a5cb-403afec50127,Data Analyst,4-6
81f6c322-d2de-5e5b-b0ff-0196d510384e__76f957ca-a240-502a-ad78-3ed7c43cc124,81f6c322-d2de-5e5b-b0ff-0196d510384e,76f957ca-a240-502a-ad78-3ed7c43cc124,Data Analyst,4-6
81f6c322-d2de-5e5b-b0ff-0196d510384e__d5fa361f-9864-5a34-9836-8e207adaa97f,81f6c322-d2de-5e5b-b0ff-0196d510384e,d5fa361f-9864-5a34-9836-8e207adaa97f,Data Analyst,4-6
82a7cd95-f5c3-50d0-8050-cca0190411ba__0ac7a89e-141a-5fbc-a54b-96ec7e9a352c,82a7cd95-f5c3-50d0-8050-cca0190411ba,0ac7a89e-141a-5fbc-a54b-96ec7e9a352c,Data Analyst,4-6
82a7cd95-f5c3-50d0-8050-cca0190411ba__1732fab7-5eed-543e-93a0-fcab93c12085,82a7cd95-f5c3-50d0-8050-cca0190411ba,1732fab7-5eed-543e-93a0-fcab93c12085,Data Analyst,4-6
82a7cd95-f5c3-50d0-8050-cca0190411ba__86bbc190-8939-5f37-84ea-dc1e14cf6915,82a7cd95-f5c3-50d0-8050-cca0190411ba,86bbc190-8939-5f37-84ea-dc1e14cf6915,Data Analyst,4-6
82a7cd95-f5c3-50d0-8050-cca0190411ba__b5c61980-5a78-5999-9abd-44e78aec2baa,82a7cd95-f5c3-50d0-8050-cca0190411ba,b5c61980-5a78-5999-9abd-44e78aec2baa,Data Analyst,4-6
82a7cd95-f5c3-50d0-8050-cca0190411ba__b7e2b402-d466-5e5b-8cd6-bbe23e06a00e,82a7cd95-f5c3-50d0-8050-cca0190411ba,b7e2b402-d466-5e5b-8cd6-bbe23e06a00e,Data Analyst,4-6
92d0c862-015e-5574-9379-781a619f3936__10389463-61fe-5be7-aa46-4b4f90d8182e,92d0c862-015e-5574-9379-781a619f3936,10389463-61fe-5be7-aa46-4b4f90d8182e,Data Analyst,4-6
92d0c862-015e-5574-9379-781a619f3936__4b926ba0-2d80-5a3a-98a4-b331baa1b031,92d0c862-015e-5574-9379-781a619f3936,4b926ba0-2d80-5a3a-98a4-b331baa1b031,Data Analyst,4-6
92d0c862-015e-5574-9379-781a619f3936__861c8990-939f-58a7-87c2-b2648b297df3,92d0c862-015e-5574-9379-781a619f3936,861c8990-939f-58a7-87c2-b2648b297df3,Data Analyst,4-6
92d0c862-015e-5574-9379-781a619f3936__8cd3bcc2-7789-56aa-b350-471e366a8a8b,92d0c862-015e-5574-9379-781a619f3936,8cd3bcc2-7789-56aa-b350-471e366a8a8b,Data Analyst,4-6
92d0c862-015e-5574-9379-781a619f3936__faa0a25c-1b9f-5ffa-862f-405407a00da3,92d0c862-015e-5574-9379-781a619f3936,faa0a25c-1b9f-5ffa-862f-405407a00da3,Data Analyst,4-6
ab2bf30e-b379-5c26-92a5-27e8d457d51d__0341d2a5-df97-5bb9-8643-f2403835a2a8,ab2bf30e-b379-5c26-92a5-27e8d457d51d,0341d2a5-df97-5bb9-8643-f2403835a2a8,Data Analyst,4-6
ab2bf30e-b379-5c26-92a5-27e8d457d51d__1732fab7-5eed-543e-93a0-fcab93c12085,ab2bf30e-b379-5c26-92a5-27e8d457d51d,1732fab7-5eed-543e-93a0-fcab93c12085,Data Analyst,4-6
ab2bf30e-b379-5c26-92a5-27e8d457d51d__4b926ba0-2d80-5a3a-98a4-b331baa1b031,ab2bf30e-b379-5c26-92a5-27e8d457d51d,4b926ba0-2d80-5a3a-98a4-b331baa1b031,Data Analyst,4-6
ab2bf30e-b379-5c26-92a5-27e8d457d51d__701207d7-5fd6-5756-9633-8f40ba499a8d,ab2bf30e-b379-5c26-92a5-27e8d457d51d,701207d7-5fd6-5756-9633-8f40ba499a8d,Data Analyst,4-6
ab2bf30e-b379-5c26-92a5-27e8d457d51d__eccef1bb-3aa5-5d22-b1a5-1f56a10b444d,ab2bf30e-b379-5c26-92a5-27e8d457d51d,eccef1bb-3aa5-5d22-b1a5-1f56a10b444d,Data Analyst,4-6
ad85aad8-bee0-5fdf-b342-bf8d5e0b0d9e__0c3ffe44-bd4d-5949-ba6a-9e9dcfbf8653,ad85aad8-bee0-5fdf-b342-bf8d5e0b0d9e,0c3ffe44-bd4d-5949-ba6a-9e9dcfbf8653,Data Analyst,4-6
ad85aad8-bee0-5fdf-b342-bf8d5e0b0d9e__4b926ba0-2d80-5a3a-98a4-b331baa1b031,ad85aad8-bee0-5fdf-b342-bf8d5e0b0d9e,4b926ba0-2d80-5a3a-98a4-b331baa1b031,Data Analyst,4-6
ad85aad8-bee0-5fdf-b342-bf8d5e0b0d9e__5d1c1186-05b0-5058-a922-0d8e4ea4b9e8,ad85aad8-bee0-5fdf-b342-bf8d5e0b0d9e,5d1c1186-05b0-5058-a922-0d8e4ea4b9e8,Data Analyst,4-6
ad85aad8-bee0-5fdf-b342-bf8d5e0b0d9e__b20a2a20-05f6-5b64-adc5-0df9625b49d3,ad85aad8-bee0-5fdf-b342-bf8d5e0b0d9e,b20a2a20-05f6-5b64-adc5-0df9625b49d3,Data Analyst,4-6
ad85aad8-bee0-5fdf-b342-bf8d5e0b0d9e__cf0b12be-3195-5e19-a0cd-496da9aaab40,ad85aad8-bee0-5fdf-b342-bf8d5e0b0d9e,cf0b12be-3195-5e19-a0cd-496da9aaab40,Data Analyst,4-6
c2c1165d-b064-53e0-abda-f0f343adbaee__1472b915-9aca-537a-946f-d396811e9ec6,c2c1165d-b064-53e0-abda-f0f343adbaee,1472b915-9aca-537a-946f-d396811e9ec6,Data Analyst,4-6
c2c1165d-b064-53e0-abda-f0f343adbaee__28bbadca-e868-5d70-a12a-f8481072eae0,c2c1165d-b064-53e0-abda-f0f343adbaee,28bbadca-e868-5d70-a12a-f8481072eae0,Data Analyst,4-6
c2c1165d-b064-53e0-abda-f0f343adbaee__35c284f6-2a7b-535f-85d7-65bdcc741c40,c2c1165d-b064-53e0-abda-f0f343adbaee,35c284f6-2a7b-535f-85d7-65bdcc741c40,Data Analyst,4-6
c2c1165d-b064-53e0-abda-f0f343adbaee__9e75f415-82e0-561b-8864-ad91ef460387,c2c1165d-b064-53e0-abda-f0f343adbaee,9e75f415-82e0-561b-8864-ad91ef460387,Data Analyst,4-6
c2c1165d-b064-53e0-abda-f0f343adbaee__d1bc41db-be4a-53f7-8cd4-b02546962217,c2c1165d-b064-53e0-abda-f0f343adbaee,d1bc41db-be4a-53f7-8cd4-b02546962217,Data Analyst,4-6
dce7f56b-af5b-5552-ba3d-36f4df513213__13684e7c-10d7-5044-b8e7-1265b52cafec,dce7f56b-af5b-5552-ba3d-36f4df513213,13684e7c-10d7-5044-b8e7-1265b52cafec,Data Analyst,4-6
dce7f56b-af5b-5552-ba3d-36f4df513213__76f957ca-a240-502a-ad78-3ed7c43cc124,dce7f56b-af5b-5552-ba3d-36f4df513213,76f957ca-a240-502a-ad78-3ed7c43cc124,Data Analyst,4-6
dce7f56b-af5b-5552-ba3d-36f4df513213__adfb20af-e3fd-5a85-9284-feb54614bb5a,dce7f56b-af5b-5552-ba3d-36f4df513213,adfb20af-e3fd-5a85-9284-feb54614bb5a,Data Analyst,4-6
dce7f56b-af5b-5552-ba3d-36f4df513213__d7ce3740-8b07-5ad4-849a-73a197611732,dce7f56b-af5b-5552-ba3d-36f4df513213,d7ce3740-8b07-5ad4-849a-73a197611732,Data Analyst,4-6
dce7f56b-af5b-5552-ba3d-36f4df513213__f7a0a570-04a1-56e0-b650-34e30cde8e0d,dce7f56b-af5b-5552-ba3d-36f4df513213,f7a0a570-04a1-56e0-b650-34e30cde8e0d,Data Analyst,4-6
dd9f8a8f-8851-519d-96dd-a5e8e363aee7__0c780091-453f-5949-96c7-870a525038ae,dd9f8a8f-8851-519d-96dd-a5e8e363aee7,0c780091-453f-5949-96c7-870a525038ae,Data Analyst,4-6
dd9f8a8f-8851-519d-96dd-a5e8e363aee7__59318a77-3dd1-5e63-b339-641c02fa7da5,dd9f8a8f-8851-519d-96dd-a5e8e363aee7,59318a77-3dd1-5e63-b339-641c02fa7da5,Data Analyst,4-6
dd9f8a8f-8851-519d-96dd-a5e8e363aee7__6a5504e9-ebd5-5c28-8b58-c955d2aef9c5,dd9f8a8f-8851-519d-96dd-a5e8e363aee7,6a5504e9-ebd5-5c28-8b58-c955d2aef9c5,Data Analyst,4-6
dd9f8a8f-8851-519d-96dd-a5e8e363aee7__6f45cd14-1d19-5759-b35a-e9c689613ad6,dd9f8a8f-8851-519d-96dd-a5e8e363aee7,6f45cd14-1d19-5759-b35a-e9c689613ad6,Data Analyst,4-6
dd9f8a8f-8851-519d-96dd-a5e8e363aee7__adfb20af-e3fd-5a85-9284-feb54614bb5a,dd9f8a8f-8851-519d-96dd-a5e8e363aee7,adfb20af-e3fd-5a85-9284-feb54614bb5a,Data Analyst,4-6
e0187eb4-f9ba-51e5-894f-cf4ed534d5b5__1f3c8886-c765-5189-a16b-ff2f9d8707b3,e0187eb4-f9ba-51e5-894f-cf4ed534d5b5,1f3c8886-c765-5189-a16b-ff2f9d8707b3,Data Analyst,4-6
e0187eb4-f9ba-51e5-894f-cf4ed534d5b5__3ccb48a5-fd17-5bc3-9b62-862c878fddb4,e0187eb4-f9ba-51e5-894f-cf4ed534d5b5,3ccb48a5-fd17-5bc3-9b62-862c878fddb4,Data Analyst,4-6
e0187eb4-f9ba-51e5-894f-cf4ed534d5b5__76765e92-82c4-5940-8051-ea195fc5818e,e0187eb4-f9ba-51e5-894f-cf4ed534d5b5,76765e92-82c4-5940-8051-ea195fc5818e,Data Analyst,4-6
e0187eb4-f9ba-51e5-894f-cf4ed534d5b5__b5c61980-5a78-5999-9abd-44e78aec2baa,e0187eb4-f9ba-51e5-894f-cf4ed534d5b5,b5c61980-5a78-5999-9abd-44e78aec2baa,Data Analyst,4-6
e0187eb4-f9ba-51e5-894f-cf4ed534d5b5__d1bb94ee-c879-54c4-8cda-951a8c201bb1,e0187eb4-f9ba-51e5-894f-cf4ed534d5b5,d1bb94ee-c879-54c4-8cda-951a8c201bb1,Data Analyst,4-6
e8d2401a-8118-5bed-9fe4-1121e5d10008__0fc8d762-a315-55b3-8ddf-449f47c06686,e8d2401a-8118-5bed-9fe4-1121e5d10008,0fc8d762-a315-55b3-8ddf-449f47c06686,Data Analyst,4-6
e8d2401a-8118-5bed-9fe4-1121e5d10008__3d40c1e2-8a78-5336-ac9e-902d92cc6242,e8d2401a-8118-5bed-9fe4-1121e5d10008,3d40c1e2-8a78-5336-ac9e-902d92cc6242,Data Analyst,4-6
e8d2401a-8118-5bed-9fe4-1121e5d10008__72a0c93e-4cd5-5bcb-a966-b2fcf7614e64,e8d2401a-8118-5bed-9fe4-1121e5d10008,72a0c93e-4cd5-5bcb-a966-b2fcf7614e64,Data Analyst,4-6
e8d2401a-8118-5bed-9fe4-1121e5d10008__76f957ca-a240-502a-ad78-3ed7c43cc124,e8d2401a-8118-5bed-9fe4-1121e5d10008,76f957ca-a240-502a-ad78-3ed7c43cc124,Data Analyst,4-6
e8d2401a-8118-5bed-9fe4-1121e5d10008__d1bc41db-be4a-53f7-8cd4-b02546962217,e8d2401a-8118-5bed-9fe4-1121e5d10008,d1bc41db-be4a-53f7-8cd4-b02546962217,Data Analyst,4-6
f8308b13-6cb6-5af5-aa37-8491b98ab150__3062ece0-3575-5da2-a065-6097efc21619,f8308b13-6cb6-5af5-aa37-8491b98ab150,3062ece0-3575-5da2-a065-6097efc21619,Data Analyst,4-6
f8308b13-6cb6-5af5-aa37-8491b98ab150__7c437416-d719-52af-88db-fb0a2a7b63d9,f8308b13-6cb6-5af5-aa37-8491b98ab150,7c437416-d719-52af-88db-fb0a2a7b63d9,Data Analyst,4-6
f8308b13-6cb6-5af5-aa37-8491b98ab150__c370cf47-9ca1-57d2-8a2d-634684db17b2,f8308b13-6cb6-5af5-aa37-8491b98ab150,c370cf47-9ca1-57d2-8a2d-634684db17b2,Data Analyst,4-6
f8308b13-6cb6-5af5-aa37-8491b98ab150__cd19fae9-e14f-5c90-abc3-6b7cbcab9ab5,f8308b13-6cb6-5af5-aa37-8491b98ab150,cd19fae9-e14f-5c90-abc3-6b7cbcab9ab5,Data Analyst,4-6
f8308b13-6cb6-5af5-aa37-8491b98ab150__d6759cab-0282-5242-a371-31a76250d3e5,f8308b13-6cb6-5af5-aa37-8491b98ab150,d6759cab-0282-5242-a371-31a76250d3e5,Data Analyst,4-6
0996d143-ca84-5cfa-8818-59aecf172c8f__47f17269-0491-5c6b-a1e5-3a2bf0d4d6d5,0996d143-ca84-5cfa-8818-59aecf172c8f,47f17269-0491-5c6b-a1e5-3a2bf0d4d6d5,Data Engineer,0-1
0996d143-ca84-5cfa-8818-59aecf172c8f__5d911d1b-ea05-5eee-be99-dd701294274c,0996d143-ca84-5cfa-8818-59aecf172c8f,5d911d1b-ea05-5eee-be99-dd701294274c,Data Engineer,0-1
0996d143-ca84-5cfa-8818-59aecf172c8f__7c3cbbd7-1861-51bc-84e7-df99a730b229,0996d143-ca84-5cfa-8818-59aecf172c8f,7c3cbbd7-1861-51bc-84e7-df99a730b229,Data Engineer,0-1
0996d143-ca84-5cfa-8818-59aecf172c8f__87b0a44b-8402-5d55-b1d7-38263e47a5ad,0996d143-ca84-5cfa-8818-59aecf172c8f,87b0a44b-8402-5d55-b1d7-38263e47a5ad,Data Engineer,0-1
0996d143-ca84-5cfa-8818-59aecf172c8f__9167b989-5572-526e-98c1-2c1405374fe4,0996d143-ca84-5cfa-8818-59aecf172c8f,9167b989-5572-526e-98c1-2c1405374fe4,Data Engineer,0-1
0f85103c-29df-5396-8eab-3f6e96b05537__1e35fb81-3de0-5f40-a274-3d2eedfee954,0f85103c-29df-5396-8eab-3f6e96b05537,1e35fb81-3de0-5f40-a274-3d2eedfee954,Data Engineer,0-1
0f85103c-29df-5396-8eab-3f6e96b05537__7275824d-ec4c-5cc3-bd9e-9d0196c31c20,0f85103c-29df-5396-8eab-3f6e96b05537,7275824d-ec4c-5cc3-bd9e-9d0196c31c20,Data Engineer,0-1
0f85103c-29df-5396-8eab-3f6e96b05537__89567b97-a98c-5756-b3a4-1da39c094f24,0f85103c-29df-5396-8eab-3f6e96b05537,89567b97-a98c-5756-b3a4-1da39c094f24,Data Engineer,0-1
0f85103c-29df-5396-8eab-3f6e96b05537__901dfc6d-7eb5-535e-95a8-1a45182f3106,0f85103c-29df-5396-8eab-3f6e96b05537,901dfc6d-7eb5-535e-95a8-1a45182f3106,Data Engineer,0-1
0f85103c-29df-5396-8eab-3f6e96b05537__d22d6626-8b09-50d9-ac76-0d2c2a05e9dd,0f85103c-29df-5396-8eab-3f6e96b05537,d22d6626-8b09-50d9-ac76-0d2c2a05e9dd,Data Engineer,0-1
2e761fa9-7dc3-5dd8-bed8-446feb88b58f__1aa75206-ecdf-5a4e-b856-333f2098574e,2e761fa9-7dc3-5dd8-bed8-446feb88b58f,1aa75206-ecdf-5a4e-b856-333f2098574e,Data Engineer,0-1
2e761fa9-7dc3-5dd8-bed8-446feb88b58f__3c4aeb8c-e389-5081-a62b-9db617a3a441,2e761fa9-7dc3-5dd8-bed8-446feb88b58f,3c4aeb8c-e389-5081-a62b-9db617a3a441,Data Engineer,0-1
2e761fa9-7dc3-5dd8-bed8-446feb88b58f__a38a3791-7522-511d-a356-d7ae0cf402b6,2e761fa9-7dc3-5dd8-bed8-446feb88b58f,a38a3791-7522-511d-a356-d7ae0cf402b6,Data Engineer,0-1
2e761fa9-7dc3-5dd8-bed8-446feb88b58f__be90d06a-093d-515e-aed6-b1f283363059,2e761fa9-7dc3-5dd8-bed8-446feb88b58f,be90d06a-093d-515e-aed6-b1f283363059,Data Engineer,0-1
2e761fa9-7dc3-5dd8-bed8-446feb88b58f__e1f96cdf-c541-5ac0-bc54-83291774a41a,2e761fa9-7dc3-5dd8-bed8-446feb88b58f,e1f96cdf-c541-5ac0-bc54-83291774a41a,Data Engineer,0-1
38be1c6d-afe7-5769-af95-d3842dd9f2f8__1f5cfa59-3b74-5f4b-8779-7fec4f171c9a,38be1c6d-afe7-5769-af95-d3842dd9f2f8,1f5cfa59-3b74-5f4b-8779-7fec4f171c9a,Data Engineer,0-1
38be1c6d-afe7-5769-af95-d3842dd9f2f8__87270771-91b9-51aa-8600-61e611afc057,38be1c6d-afe7-5769-af95-d3842dd9f2f8,87270771-91b9-51aa-8600-61e611afc057,Data Engineer,0-1
38be1c6d-afe7-5769-af95-d3842dd9f2f8__91326300-a26b-5d88-81c4-2b67bcdffa47,38be1c6d-afe7-5769-af95-d3842dd9f2f8,91326300-a26b-5d88-81c4-2b67bcdffa47,Data Engineer,0-1
38be1c6d-afe7-5769-af95-d3842dd9f2f8__e4f6a6f2-068b-56e5-934c-1f76bac8a1c6,38be1c6d-afe7-5769-af95-d3842dd9f2f8,e4f6a6f2-068b-56e5-934c-1f76bac8a1c6,Data Engineer,0-1
38be1c6d-afe7-5769-af95-d3842dd9f2f8__eea90c8e-c984-5361-a2ee-670940e91f89,38be1c6d-afe7-5769-af95-d3842dd9f2f8,eea90c8e-c984-5361-a2ee-670940e91f89,Data Engineer,0-1
56b2c7ba-c12d-5372-a956-833d660053d9__0005a76a-7e2a-58e8-9c9e-125a6737b208,56b2c7ba-c12d-5372-a956-833d660053d9,0005a76a-7e2a-58e8-9c9e-125a6737b208,Data Engineer,0-1
56b2c7ba-c12d-5372-a956-833d660053d9__c927a71b-eb8f-5794-8382-f31fca82f7ef,56b2c7ba-c12d-5372-a956-833d660053d9,c927a71b-eb8f-5794-8382-f31fca82f7ef,Data Engineer,0-1
56b2c7ba-c12d-5372-a956-833d660053d9__e1f96cdf-c541-5ac0-bc54-83291774a41a,56b2c7ba-c12d-5372-a956-833d660053d9,e1f96cdf-c541-5ac0-bc54-83291774a41a,Data Engineer,0-1
56b2c7ba-c12d-5372-a956-833d660053d9__e4f6a6f2-068b-56e5-934c-1f76bac8a1c6,56b2c7ba-c12d-5372-a956-833d660053d9,e4f6a6f2-068b-56e5-934c-1f76bac8a1c6,Data Engineer,0-1
56b2c7ba-c12d-5372-a956-833d660053d9__eea90c8e-c984-5361-a2ee-670940e91f89,56b2c7ba-c12d-5372-a956-833d660053d9,eea90c8e-c984-5361-a2ee-670940e91f89,Data Engineer,0-1
5c97ac78-ceeb-58a5-87ab-997eb5813b01__0ae9426b-48b9-5815-a975-c50495a4f2e6,5c97ac78-ceeb-58a5-87ab-997eb5813b01,0ae9426b-48b9-5815-a975-c50495a4f2e6,Data Engineer,0-1
5c97ac78-ceeb-58a5-87ab-997eb5813b01__3719ad2d-6f8c-5b5f-a258-c8082f3f252a,5c97ac78-ceeb-58a5-87ab-997eb5813b01,3719ad2d-6f8c-5b5f-a258-c8082f3f252a,Data Engineer,0-1
5c97ac78-ceeb-58a5-87ab-997eb5813b01__7a6f593e-5bc9-5d87-b173-1f7967b13cb7,5c97ac78-ceeb-58a5-87ab-997eb5813b01,7a6f593e-5bc9-5d87-b173-1f7967b13cb7,Data Engineer,0-1
5c97ac78-ceeb-58a5-87ab-997eb5813b01__cdb68fe4-92fb-5761-b5c9-2c142c867bdf,5c97ac78-ceeb-58a5-87ab-997eb5813b01,cdb68fe4-92fb-5761-b5c9-2c142c867bdf,Data Engineer,0-1
5c97ac78-ceeb-58a5-87ab-997eb5813b01__dddae54d-e435-539b-ad6f-2692433a7639,5c97ac78-ceeb-58a5-87ab-997eb5813b01,dddae54d-e435-539b-ad6f-2692433a7639,Data Engineer,0-1
66894b8c-7339-5f7e-a042-182623e3e988__454de76d-b429-5108-b07b-138e088c03ce,66894b8c-7339-5f7e-a042-182623e3e988,454de76d-b429-5108-b07b-138e088c03ce,Data Engineer,0-1
66894b8c-7339-5f7e-a042-182623e3e988__5d911d1b-ea05-5eee-be99-dd701294274c,66894b8c-7339-5f7e-a042-182623e3e988,5d911d1b-ea05-5eee-be99-dd701294274c,Data Engineer,0-1
66894b8c-7339-5f7e-a042-182623e3e988__7c3cbbd7-1861-51bc-84e7-df99a730b229,66894b8c-7339-5f7e-a042-182623e3e988,7c3cbbd7-1861-51bc-84e7-df99a730b229,Data Engineer,0-1
66894b8c-7339-5f7e-a042-182623e3e988__80e1d315-f1b1-5ea6-9dd7-b8e99425a729,66894b8c-7339-5f7e-a042-182623e3e988,80e1d315-f1b1-5ea6-9dd7-b8e99425a729,Data Engineer,0-1
66894b8c-7339-5f7e-a042-182623e3e988__e4f6a6f2-068b-56e5-934c-1f76bac8a1c6,66894b8c-7339-5f7e-a042-182623e3e988,e4f6a6f2-068b-56e5-934c-1f76bac8a1c6,Data Engineer,0-1
66e2a09a-a61d-5194-bbae-166533365940__0961d118-a809-545a-8c22-fc416b14c8b4,66e2a09a-a61d-5194-bbae-166533365940,0961d118-a809-545a-8c22-fc416b14c8b4,Data Engineer,0-1
66e2a09a-a61d-5194-bbae-166533365940__5ead1505-d3c3-5d18-bd9a-0e767287cd67,66e2a09a-a61d-5194-bbae-166533365940,5ead1505-d3c3-5d18-bd9a-0e767287cd67,Data Engineer,0-1
66e2a09a-a61d-5194-bbae-166533365940__831989c2-b827-5e1a-ba07-ddb3c567fe16,66e2a09a-a61d-5194-bbae-166533365940,831989c2-b827-5e1a-ba07-ddb3c567fe16,Data Engineer,0-1
66e2a09a-a61d-5194-bbae-166533365940__89567b97-a98c-5756-b3a4-1da39c094f24,66e2a09a-a61d-5194-bbae-166533365940,89567b97-a98c-5756-b3a4-1da39c094f24,Data Engineer,0-1
66e2a09a-a61d-5194-bbae-166533365940__c927a71b-eb8f-5794-8382-f31fca82f7ef,66e2a09a-a61d-5194-bbae-166533365940,c927a71b-eb8f-5794-8382-f31fca82f7ef,Data Engineer,0-1
7c1abd6a-8c93-5d82-a4ca-b4c7c5787f2b__258bcce9-76d2-5892-82c2-aa2f591f19c0,7c1abd6a-8c93-5d82-a4ca-b4c7c5787f2b,258bcce9-76d2-5892-82c2-aa2f591f19c0,Data Engineer,0-1
7c1abd6a-8c93-5d82-a4ca-b4c7c5787f2b__2e477849-5a7a-50cb-aa50-306c54a822b6,7c1abd6a-8c93-5d82-a4ca-b4c7c5787f2b,2e477849-5a7a-50cb-aa50-306c54a822b6,Data Engineer,0-1
7c1abd6a-8c93-5d82-a4ca-b4c7c5787f2b__705d6355-e8b8-557e-9348-5222244eceb5,7c1abd6a-8c93-5d82-a4ca-b4c7c5787f2b,705d6355-e8b8-557e-9348-5222244eceb5,Data Engineer,0-1
7c1abd6a-8c93-5d82-a4ca-b4c7c5787f2b__9708ede3-ece0-5634-aeca-853224446284,7c1abd6a-8c93-5d82-a4ca-b4c7c5787f2b,9708ede3-ece0-5634-aeca-853224446284,Data Engineer,0-1
7c1abd6a-8c93-5d82-a4ca-b4c7c5787f2b__f5235db2-7b85-5139-8b0b-c40f7de06eab,7c1abd6a-8c93-5d82-a4ca-b4c7c5787f2b,f5235db2-7b85-5139-8b0b-c40f7de06eab,Data Engineer,0-1
83fac253-2e29-568f-b75b-cc0a101e4320__52ead1a2-82dc-5722-abad-b04ae03f3b54,83fac253-2e29-568f-b75b-cc0a101e4320,52ead1a2-82dc-5722-abad-b04ae03f3b54,Data Engineer,0-1
83fac253-2e29-568f-b75b-cc0a101e4320__a199c257-aeea-5146-83fe-629f2ee51266,83fac253-2e29-568f-b75b-cc0a101e4320,a199c257-aeea-5146-83fe-629f2ee51266,Data Engineer,0-1
83fac253-2e29-568f-b75b-cc0a101e4320__dddae54d-e435-539b-ad6f-2692433a7639,83fac253-2e29-568f-b75b-cc0a101e4320,dddae54d-e435-539b-ad6f-2692433a7639,Data Engineer,0-1
83fac253-2e29-568f-b75b-cc0a101e4320__eea90c8e-c984-5361-a2ee-670940e91f89,83fac253-2e29-568f-b75b-cc0a101e4320,eea90c8e-c984-5361-a2ee-670940e91f89,Data Engineer,0-1
83fac253-2e29-568f-b75b-cc0a101e4320__efe3d2d3-de66-5c43-a27b-cedc15e08ab8,83fac253-2e29-568f-b75b-cc0a101e4320,efe3d2d3-de66-5c43-a27b-cedc15e08ab8,Data Engineer,0-1
9f82173b-f503-559b-b4e4-54c01548a614__15892ee6-c7a4-534e-b25a-c4d4328a1f0c,9f82173b-f503-559b-b4e4-54c01548a614,15892ee6-c7a4-534e-b25a-c4d4328a1f0c,Data Engineer,0-1
9f82173b-f503-559b-b4e4-54c01548a614__1f5cfa59-3b74-5f4b-8779-7fec4f171c9a,9f82173b-f503-559b-b4e4-54c01548a614,1f5cfa59-3b74-5f4b-8779-7fec4f171c9a,Data Engineer,0-1
9f82173b-f503-559b-b4e4-54c01548a614__cdb68fe4-92fb-5761-b5c9-2c142c867bdf,9f82173b-f503-559b-b4e4-54c01548a614,cdb68fe4-92fb-5761-b5c9-2c142c867bdf,Data Engineer,0-1
9f82173b-f503-559b-b4e4-54c01548a614__e09ff17d-6a89-58a8-aa96-9dea363318db,9f82173b-f503-559b-b4e4-54c01548a614,e09ff17d-6a89-58a8-aa96-9dea363318db,Data Engineer,0-1
9f82173b-f503-559b-b4e4-54c01548a614__e1f96cdf-c541-5ac0-bc54-83291774a41a,9f82173b-f503-559b-b4e4-54c01548a614,e1f96cdf-c541-5ac0-bc54-83291774a41a,Data Engineer,0-1
c452fdd7-ea9c-5141-ab34-224274b10759__79edefbc-4f15-5519-86d4-f2f791f2d453,c452fdd7-ea9c-5141-ab34-224274b10759,79edefbc-4f15-5519-86d4-f2f791f2d453,Data Engineer,0-1
c452fdd7-ea9c-5141-ab34-224274b10759__7e153c94-e4ee-542c-bf74-e6a8d3726d10,c452fdd7-ea9c-5141-ab34-224274b10759,7e153c94-e4ee-542c-bf74-e6a8d3726d10,Data Engineer,0-1
c452fdd7-ea9c-5141-ab34-224274b10759__89567b97-a98c-5756-b3a4-1da39c094f24,c452fdd7-ea9c-5141-ab34-224274b10759,89567b97-a98c-5756-b3a4-1da39c094f24,Data Engineer,0-1
c452fdd7-ea9c-5141-ab34-224274b10759__ab0bff1b-4ca7-57d2-921f-e59d0ef29b1e,c452fdd7-ea9c-5141-ab34-224274b10759,ab0bff1b-4ca7-57d2-921f-e59d0ef29b1e,Data Engineer,0-1
c452fdd7-ea9c-5141-ab34-224274b10759__eea90c8e-c984-5361-a2ee-670940e91f89,c452fdd7-ea9c-5141-ab34-224274b10759,eea90c8e-c984-5361-a2ee-670940e91f89,Data Engineer,0-1
dbec1e82-58a3-50e0-af63-cfe151f3151b__2e477849-5a7a-50cb-aa50-306c54a822b6,dbec1e82-58a3-50e0-af63-cfe151f3151b,2e477849-5a7a-50cb-aa50-306c54a822b6,Data Engineer,0-1
dbec1e82-58a3-50e0-af63-cfe151f3151b__7f152b17-49fd-5775-969d-1ca12fc9ae28,dbec1e82-58a3-50e0-af63-cfe151f3151b,7f152b17-49fd-5775-969d-1ca12fc9ae28,Data Engineer,0-1
dbec1e82-58a3-50e0-af63-cfe151f3151b__87b0a44b-8402-5d55-b1d7-38263e47a5ad,dbec1e82-58a3-50e0-af63-cfe151f3151b,87b0a44b-8402-5d55-b1d7-38263e47a5ad,Data Engineer,0-1
dbec1e82-58a3-50e0-af63-cfe151f3151b__dba59104-140a-5671-865e-cb206079d6af,dbec1e82-58a3-50e0-af63-cfe151f3151b,dba59104-140a-5671-865e-cb206079d6af,Data Engineer,0-1
dbec1e82-58a3-50e0-af63-cfe151f3151b__f5afa217-b2d7-57f8-8897-213ffb4ff87b,dbec1e82-58a3-50e0-af63-cfe151f3151b,f5afa217-b2d7-57f8-8897-213ffb4ff87b,Data Engineer,0-1
f25c6b73-d764-5c9a-adc8-c569d87f13d9__7a6f593e-5bc9-5d87-b173-1f7967b13cb7,f25c6b73-d764-5c9a-adc8-c569d87f13d9,7a6f593e-5bc9-5d87-b173-1f7967b13cb7,Data Engineer,0-1
f25c6b73-d764-5c9a-adc8-c569d87f13d9__901dfc6d-7eb5-535e-95a8-1a45182f3106,f25c6b73-d764-5c9a-adc8-c569d87f13d9,901dfc6d-7eb5-535e-95a8-1a45182f3106,Data Engineer,0-1
f25c6b73-d764-5c9a-adc8-c569d87f13d9__91326300-a26b-5d88-81c4-2b67bcdffa47,f25c6b73-d764-5c9a-adc8-c569d87f13d9,91326300-a26b-5d88-81c4-2b67bcdffa47,Data Engineer,0-1
f25c6b73-d764-5c9a-adc8-c569d87f13d9__9167b989-5572-526e-98c1-2c1405374fe4,f25c6b73-d764-5c9a-adc8-c569d87f13d9,9167b989-5572-526e-98c1-2c1405374fe4,Data Engineer,0-1
f25c6b73-d764-5c9a-adc8-c569d87f13d9__ebd91bb2-7d37-5922-92ec-1211e235743e,f25c6b73-d764-5c9a-adc8-c569d87f13d9,ebd91bb2-7d37-5922-92ec-1211e235743e,Data Engineer,0-1
f8831d53-b55e-5050-9240-1778b1ff9247__258bcce9-76d2-5892-82c2-aa2f591f19c0,f8831d53-b55e-5050-9240-1778b1ff9247,258bcce9-76d2-5892-82c2-aa2f591f19c0,Data Engineer,0-1
f8831d53-b55e-5050-9240-1778b1ff9247__454de76d-b429-5108-b07b-138e088c03ce,f8831d53-b55e-5050-9240-1778b1ff9247,454de76d-b429-5108-b07b-138e088c03ce,Data Engineer,0-1
f8831d53-b55e-5050-9240-1778b1ff9247__88511a6b-0f93-5f32-8444-e0d311a10b66,f8831d53-b55e-5050-9240-1778b1ff9247,88511a6b-0f93-5f32-8444-e0d311a10b66,Data Engineer,0-1
f8831d53-b55e-5050-9240-1778b1ff9247__9167b989-5572-526e-98c1-2c1405374fe4,f8831d53-b55e-5050-9240-1778b1ff9247,9167b989-5572-526e-98c1-2c1405374fe4,Data Engineer,0-1
f8831d53-b55e-5050-9240-1778b1ff9247__b75179dc-597f-529f-a5f4-321fa4524f40,f8831d53-b55e-5050-9240-1778b1ff9247,b75179dc-597f-529f-a5f4-321fa4524f40,Data Engineer,0-1
029fddb1-00ed-59dc-835b-a2f267b0359c__009b1764-1158-54c4-890b-b41728204006,029fddb1-00ed-59dc-835b-a2f267b0359c,009b1764-1158-54c4-890b-b41728204006,Data Engineer,2-3
029fddb1-00ed-59dc-835b-a2f267b0359c__0924e5fa-b751-5e79-8dd3-0b2ace21e84e,029fddb1-00ed-59dc-835b-a2f267b0359c,0924e5fa-b751-5e79-8dd3-0b2ace21e84e,Data Engineer,2-3
029fddb1-00ed-59dc-835b-a2f267b0359c__0971c15d-09ac-5628-9954-675ab6732d6f,029fddb1-00ed-59dc-835b-a2f267b0359c,0971c15d-09ac-5628-9954-675ab6732d6f,Data Engineer,2-3
029fddb1-00ed-59dc-835b-a2f267b0359c__64d19e9e-5d5a-5a39-9da1-4f6aee0c0c81,029fddb1-00ed-59dc-835b-a2f267b0359c,64d19e9e-5d5a-5a39-9da1-4f6aee0c0c81,Data Engineer,2-3
029fddb1-00ed-59dc-835b-a2f267b0359c__91e4fe99-462f-57fa-bdc0-f98f926d13ac,029fddb1-00ed-59dc-835b-a2f267b0359c,91e4fe99-462f-57fa-bdc0-f98f926d13ac,Data Engineer,2-3
21e6f700-c035-59dc-83fb-85076a459565__1774ceb0-05dc-5ab3-9903-e5971a6ea5ce,21e6f700-c035-59dc-83fb-85076a459565,1774ceb0-05dc-5ab3-9903-e5971a6ea5ce,Data Engineer,2-3
21e6f700-c035-59dc-83fb-85076a459565__4740d3f7-49c5-5ada-841d-e9ff17d0e39f,21e6f700-c035-59dc-83fb-85076a459565,4740d3f7-49c5-5ada-841d-e9ff17d0e39f,Data Engineer,2-3
21e6f700-c035-59dc-83fb-85076a459565__bbda2226-78c3-5b9e-9390-e79d26fd7756,21e6f700-c035-59dc-83fb-85076a459565,bbda2226-78c3-5b9e-9390-e79d26fd7756,Data Engineer,2-3
21e6f700-c035-59dc-83fb-85076a459565__cfab0280-0ece-5a91-b857-bfa8efae0b03,21e6f700-c035-59dc-83fb-85076a459565,cfab0280-0ece-5a91-b857-bfa8efae0b03,Data Engineer,2-3
21e6f700-c035-59dc-83fb-85076a459565__e9857581-8d39-5322-8c17-e43984dc3fef,21e6f700-c035-59dc-83fb-85076a459565,e9857581-8d39-5322-8c17-e43984dc3fef,Data Engineer,2-3
33988827-5dad-5edf-bec5-30a8b8bc373b__3ded4f29-a32d-5496-9a5e-5ed02ed874c6,33988827-5dad-5edf-bec5-30a8b8bc373b,3ded4f29-a32d-5496-9a5e-5ed02ed874c6,Data Engineer,2-3
33988827-5dad-5edf-bec5-30a8b8bc373b__42fdc6cb-2e3e-544d-aac8-8211cb909063,33988827-5dad-5edf-bec5-30a8b8bc373b,42fdc6cb-2e3e-544d-aac8-8211cb909063,Data Engineer,2-3
33988827-5dad-5edf-bec5-30a8b8bc373b__4c34042e-ab2a-57e7-b9e7-b3b448186da5,33988827-5dad-5edf-bec5-30a8b8bc373b,4c34042e-ab2a-57e7-b9e7-b3b448186da5,Data Engineer,2-3
33988827-5dad-5edf-bec5-30a8b8bc373b__7177151a-9726-52be-bd06-943ef1bfdc63,33988827-5dad-5edf-bec5-30a8b8bc373b,7177151a-9726-52be-bd06-943ef1bfdc63,Data Engineer,2-3
33988827-5dad-5edf-bec5-30a8b8bc373b__bbda2226-78c3-5b9e-9390-e79d26fd7756,33988827-5dad-5edf-bec5-30a8b8bc373b,bbda2226-78c3-5b9e-9390-e79d26fd7756,Data Engineer,2-3
4a50f3e6-a97e-5a2d-a9a7-8c7fbc2b0b5f__0b7793c1-3b96-56af-9958-65d8c6ec2195,4a50f3e6-a97e-5a2d-a9a7-8c7fbc2b0b5f,0b7793c1-3b96-56af-9958-65d8c6ec2195,Data Engineer,2-3
4a50f3e6-a97e-5a2d-a9a7-8c7fbc2b0b5f__25cd6507-bd8d-5744-8947-27f9aad8bf73,4a50f3e6-a97e-5a2d-a9a7-8c7fbc2b0b5f,25cd6507-bd8d-5744-8947-27f9aad8bf73,Data Engineer,2-3
4a50f3e6-a97e-5a2d-a9a7-8c7fbc2b0b5f__bbda2226-78c3-5b9e-9390-e79d26fd7756,4a50f3e6-a97e-5a2d-a9a7-8c7fbc2b0b5f,bbda2226-78c3-5b9e-9390-e79d26fd7756,Data Engineer,2-3
4a50f3e6-a97e-5a2d-a9a7-8c7fbc2b0b5f__c76afff7-a827-5c48-bb65-281c4dfd29da,4a50f3e6-a97e-5a2d-a9a7-8c7fbc2b0b5f,c76afff7-a827-5c48-bb65-281c4dfd29da,Data Engineer,2-3
4a50f3e6-a97e-5a2d-a9a7-8c7fbc2b0b5f__dc0d027a-71ca-510b-914c-e4f58a89a69d,4a50f3e6-a97e-5a2d-a9a7-8c7fbc2b0b5f,dc0d027a-71ca-510b-914c-e4f58a89a69d,Data Engineer,2-3
5c10e704-4ccb-5c8a-a734-d99a405e42b1__0bd42672-6b3e-51d4-8654-c367efd518f5,5c10e704-4ccb-5c8a-a734-d99a405e42b1,0bd42672-6b3e-51d4-8654-c367efd518f5,Data Engineer,2-3
5c10e704-4ccb-5c8a-a734-d99a405e42b1__12cf06b5-e812-5616-b46a-959bea498165,5c10e704-4ccb-5c8a-a734-d99a405e42b1,12cf06b5-e812-5616-b46a-959bea498165,Data Engineer,2-3
5c10e704-4ccb-5c8a-a734-d99a405e42b1__154ad4f1-d0f5-5320-a78b-3fd306090d7b,5c10e704-4ccb-5c8a-a734-d99a405e42b1,154ad4f1-d0f5-5320-a78b-3fd306090d7b,Data Engineer,2-3
5c10e704-4ccb-5c8a-a734-d99a405e42b1__5091420b-43c0-5877-8a0e-f50bcd08edc9,5c10e704-4ccb-5c8a-a734-d99a405e42b1,5091420b-43c0-5877-8a0e-f50bcd08edc9,Data Engineer,2-3
5c10e704-4ccb-5c8a-a734-d99a405e42b1__9c33dc6d-5bc0-5f07-abb8-d075575147dc,5c10e704-4ccb-5c8a-a734-d99a405e42b1,9c33dc6d-5bc0-5f07-abb8-d075575147dc,Data Engineer,2-3
83428425-cf03-510a-a27e-b7a351fc49be__09b8a356-2084-592f-92c9-b093c49c440a,83428425-cf03-510a-a27e-b7a351fc49be,09b8a356-2084-592f-92c9-b093c49c440a,Data Engineer,2-3
83428425-cf03-510a-a27e-b7a351fc49be__2231e506-8e0b-5696-972c-9ae6ffe99fa0,83428425-cf03-510a-a27e-b7a351fc49be,2231e506-8e0b-5696-972c-9ae6ffe99fa0,Data Engineer,2-3
83428425-cf03-510a-a27e-b7a351fc49be__31a1f37d-ac18-50f5-a506-50ed9c7392a3,83428425-cf03-510a-a27e-b7a351fc49be,31a1f37d-ac18-50f5-a506-50ed9c7392a3,Data Engineer,2-3
83428425-cf03-510a-a27e-b7a351fc49be__91e4fe99-462f-57fa-bdc0-f98f926d13ac,83428425-cf03-510a-a27e-b7a351fc49be,91e4fe99-462f-57fa-bdc0-f98f926d13ac,Data Engineer,2-3
83428425-cf03-510a-a27e-b7a351fc49be__f7e4e993-6bca-573c-91ba-c848b53400b2,83428425-cf03-510a-a27e-b7a351fc49be,f7e4e993-6bca-573c-91ba-c848b53400b2,Data Engineer,2-3
88578ab8-90f9-5726-a288-c157bd90f1f6__5dd9cc58-b3aa-5fc4-b5f1-aa65b77785a6,88578ab8-90f9-5726-a288-c157bd90f1f6,5dd9cc58-b3aa-5fc4-b5f1-aa65b77785a6,Data Engineer,2-3
88578ab8-90f9-5726-a288-c157bd90f1f6__5f29e7be-8499-5b48-adcb-7c2706dd5fe5,88578ab8-90f9-5726-a288-c157bd90f1f6,5f29e7be-8499-5b48-adcb-7c2706dd5fe5,Data Engineer,2-3
88578ab8-90f9-5726-a288-c157bd90f1f6__90da8050-c2f6-5663-851b-f5fa619770a1,88578ab8-90f9-5726-a288-c157bd90f1f6,90da8050-c2f6-5663-851b-f5fa619770a1,Data Engineer,2-3
88578ab8-90f9-5726-a288-c157bd90f1f6__9912bebf-0ba6-57ac-b49e-8d94964ab439,88578ab8-90f9-5726-a288-c157bd90f1f6,9912bebf-0ba6-57ac-b49e-8d94964ab439,Data Engineer,2-3
88578ab8-90f9-5726-a288-c157bd90f1f6__c920a9f1-11b3-55e8-a21e-90fa1dc1a753,88578ab8-90f9-5726-a288-c157bd90f1f6,c920a9f1-11b3-55e8-a21e-90fa1dc1a753,Data Engineer,2-3
89598e9d-0e05-5404-9d7c-6a39b03d2d86__3ded4f29-a32d-5496-9a5e-5ed02ed874c6,89598e9d-0e05-5404-9d7c-6a39b03d2d86,3ded4f29-a32d-5496-9a5e-5ed02ed874c6,Data Engineer,2-3
89598e9d-0e05-5404-9d7c-6a39b03d2d86__9e740597-246e-55c3-a23e-f65b5c7d0d5a,89598e9d-0e05-5404-9d7c-6a39b03d2d86,9e740597-246e-55c3-a23e-f65b5c7d0d5a,Data Engineer,2-3
89598e9d-0e05-5404-9d7c-6a39b03d2d86__b75683be-e247-5207-95e9-5e1c91da949a,89598e9d-0e05-5404-9d7c-6a39b03d2d86,b75683be-e247-5207-95e9-5e1c91da949a,Data Engineer,2-3
89598e9d-0e05-5404-9d7c-6a39b03d2d86__c9a6a826-b81e-5e03-9de0-fb6aa1ccab05,89598e9d-0e05-5404-9d7c-6a39b03d2d86,c9a6a826-b81e-5e03-9de0-fb6aa1ccab05,Data Engineer,2-3
89598e9d-0e05-5404-9d7c-6a39b03d2d86__ce081b98-64a3-511d-9d3e-c788c0d9d599,89598e9d-0e05-5404-9d7c-6a39b03d2d86,ce081b98-64a3-511d-9d3e-c788c0d9d599,Data Engineer,2-3
9c83fd03-b1da-594f-80ac-884f24c0b34a__2d8c7439-6eee-5141-8133-a512312601d1,9c83fd03-b1da-594f-80ac-884f24c0b34a,2d8c7439-6eee-5141-8133-a512312601d1,Data Engineer,2-3
9c83fd03-b1da-594f-80ac-884f24c0b34a__400d363c-5d3a-5c52-9370-264ab4bc0ce2,9c83fd03-b1da-594f-80ac-884f24c0b34a,400d363c-5d3a-5c52-9370-264ab4bc0ce2,Data Engineer,2-3
9c83fd03-b1da-594f-80ac-884f24c0b34a__5af21e8c-afca-5e5d-a797-5ef0a1e746a5,9c83fd03-b1da-594f-80ac-884f24c0b34a,5af21e8c-afca-5e5d-a797-5ef0a1e746a5,Data Engineer,2-3
9c83fd03-b1da-594f-80ac-884f24c0b34a__5e359570-74ac-5f36-8b2b-34df07b61baf,9c83fd03-b1da-594f-80ac-884f24c0b34a,5e359570-74ac-5f36-8b2b-34df07b61baf,Data Engineer,2-3
9c83fd03-b1da-594f-80ac-884f24c0b34a__6f846280-4d00-52d5-af11-751b289e22b1,9c83fd03-b1da-594f-80ac-884f24c0b34a,6f846280-4d00-52d5-af11-751b289e22b1,Data Engineer,2-3
a0a71d79-6cb7-52ba-82ea-dd8c2dd1c00b__009b1764-1158-54c4-890b-b41728204006,a0a71d79-6cb7-52ba-82ea-dd8c2dd1c00b,009b1764-1158-54c4-890b-b41728204006,Data Engineer,2-3
a0a71d79-6cb7-52ba-82ea-dd8c2dd1c00b__5dd9cc58-b3aa-5fc4-b5f1-aa65b77785a6,a0a71d79-6cb7-52ba-82ea-dd8c2dd1c00b,5dd9cc58-b3aa-5fc4-b5f1-aa65b77785a6,Data Engineer,2-3
a0a71d79-6cb7-52ba-82ea-dd8c2dd1c00b__72839b49-11bd-5a34-9377-defce2e21b8f,a0a71d79-6cb7-52ba-82ea-dd8c2dd1c00b,72839b49-11bd-5a34-9377-defce2e21b8f,Data Engineer,2-3
a0a71d79-6cb7-52ba-82ea-dd8c2dd1c00b__c920a9f1-11b3-55e8-a21e-90fa1dc1a753,a0a71d79-6cb7-52ba-82ea-dd8c2dd1c00b,c920a9f1-11b3-55e8-a21e-90fa1dc1a753,Data Engineer,2-3
a0a71d79-6cb7-52ba-82ea-dd8c2dd1c00b__e3b3375a-4fb1-5311-a601-384574df9b45,a0a71d79-6cb7-52ba-82ea-dd8c2dd1c00b,e3b3375a-4fb1-5311-a601-384574df9b45,Data Engineer,2-3
bc30adb2-e53f-502b-bd48-7cb0168b86e1__00422588-390a-5be4-889e-c4fb5fc0021c,bc30adb2-e53f-502b-bd48-7cb0168b86e1,00422588-390a-5be4-889e-c4fb5fc0021c,Data Engineer,2-3
bc30adb2-e53f-502b-bd48-7cb0168b86e1__5dd9cc58-b3aa-5fc4-b5f1-aa65b77785a6,bc30adb2-e53f-502b-bd48-7cb0168b86e1,5dd9cc58-b3aa-5fc4-b5f1-aa65b77785a6,Data Engineer,2-3
bc30adb2-e53f-502b-bd48-7cb0168b86e1__aa2ba6ad-d9e4-5dc8-93f1-551f27e0ba34,bc30adb2-e53f-502b-bd48-7cb0168b86e1,aa2ba6ad-d9e4-5dc8-93f1-551f27e0ba34,Data Engineer,2-3
bc30adb2-e53f-502b-bd48-7cb0168b86e1__c3d0caba-54a4-5c6f-a7d2-d1ad2109f19e,bc30adb2-e53f-502b-bd48-7cb0168b86e1,c3d0caba-54a4-5c6f-a7d2-d1ad2109f19e,Data Engineer,2-3
bc30adb2-e53f-502b-bd48-7cb0168b86e1__eac41cd3-1881-5d21-89bb-afa69c28410c,bc30adb2-e53f-502b-bd48-7cb0168b86e1,eac41cd3-1881-5d21-89bb-afa69c28410c,Data Engineer,2-3
cea5c31d-aaf3-503d-86f0-195c40fbb960__0bd42672-6b3e-51d4-8654-c367efd518f5,cea5c31d-aaf3-503d-86f0-195c40fbb960,0bd42672-6b3e-51d4-8654-c367efd518f5,Data Engineer,2-3
cea5c31d-aaf3-503d-86f0-195c40fbb960__1774ceb0-05dc-5ab3-9903-e5971a6ea5ce,cea5c31d-aaf3-503d-86f0-195c40fbb960,1774ceb0-05dc-5ab3-9903-e5971a6ea5ce,Data Engineer,2-3
cea5c31d-aaf3-503d-86f0-195c40fbb960__91e4fe99-462f-57fa-bdc0-f98f926d13ac,cea5c31d-aaf3-503d-86f0-195c40fbb960,91e4fe99-462f-57fa-bdc0-f98f926d13ac,Data Engineer,2-3
cea5c31d-aaf3-503d-86f0-195c40fbb960__b6464766-b746-5c7e-bc7b-e3138e4ef174,cea5c31d-aaf3-503d-86f0-195c40fbb960,b6464766-b746-5c7e-bc7b-e3138e4ef174,Data Engineer,2-3
cea5c31d-aaf3-503d-86f0-195c40fbb960__cfab0280-0ece-5a91-b857-bfa8efae0b03,cea5c31d-aaf3-503d-86f0-195c40fbb960,cfab0280-0ece-5a91-b857-bfa8efae0b03,Data Engineer,2-3
d976060c-d5f6-53b1-a623-6b99f0fd10bd__591ad3cc-508f-5ffd-a614-a77fae19b4f1,d976060c-d5f6-53b1-a623-6b99f0fd10bd,591ad3cc-508f-5ffd-a614-a77fae19b4f1,Data Engineer,2-3
d976060c-d5f6-53b1-a623-6b99f0fd10bd__7177151a-9726-52be-bd06-943ef1bfdc63,d976060c-d5f6-53b1-a623-6b99f0fd10bd,7177151a-9726-52be-bd06-943ef1bfdc63,Data Engineer,2-3
d976060c-d5f6-53b1-a623-6b99f0fd10bd__ad38dc5a-509e-5458-be13-384014411a3a,d976060c-d5f6-53b1-a623-6b99f0fd10bd,ad38dc5a-509e-5458-be13-384014411a3a,Data Engineer,2-3
d976060c-d5f6-53b1-a623-6b99f0fd10bd__c8309e24-8f5b-5444-8683-017dde59ef7d,d976060c-d5f6-53b1-a623-6b99f0fd10bd,c8309e24-8f5b-5444-8683-017dde59ef7d,Data Engineer,2-3
d976060c-d5f6-53b1-a623-6b99f0fd10bd__cd16cd6f-efa1-5856-a620-13bade19e48f,d976060c-d5f6-53b1-a623-6b99f0fd10bd,cd16cd6f-efa1-5856-a620-13bade19e48f,Data Engineer,2-3
d97e5973-eecf-54bf-9155-3c16b7345db2__002e8a74-d669-5d41-a010-fb60b5b7ee35,d97e5973-eecf-54bf-9155-3c16b7345db2,002e8a74-d669-5d41-a010-fb60b5b7ee35,Data Engineer,2-3
d97e5973-eecf-54bf-9155-3c16b7345db2__42fdc6cb-2e3e-544d-aac8-8211cb909063,d97e5973-eecf-54bf-9155-3c16b7345db2,42fdc6cb-2e3e-544d-aac8-8211cb909063,Data Engineer,2-3
d97e5973-eecf-54bf-9155-3c16b7345db2__553c8efe-8139-5c4c-b807-6f42afbfb93a,d97e5973-eecf-54bf-9155-3c16b7345db2,553c8efe-8139-5c4c-b807-6f42afbfb93a,Data Engineer,2-3
d97e5973-eecf-54bf-9155-3c16b7345db2__5fce1780-8540-5a2b-b640-1e90f39d3171,d97e5973-eecf-54bf-9155-3c16b7345db2,5fce1780-8540-5a2b-b640-1e90f39d3171,Data Engineer,2-3
d97e5973-eecf-54bf-9155-3c16b7345db2__c067f340-cc4a-5d41-82f7-7d40bf4974eb,d97e5973-eecf-54bf-9155-3c16b7345db2,c067f340-cc4a-5d41-82f7-7d40bf4974eb,Data Engineer,2-3
ec013845-cd09-5d9e-91ed-71b87b7272ea__3d6de0eb-d858-5bc8-91c6-fe05f0546fee,ec013845-cd09-5d9e-91ed-71b87b7272ea,3d6de0eb-d858-5bc8-91c6-fe05f0546fee,Data Engineer,2-3
ec013845-cd09-5d9e-91ed-71b87b7272ea__5dd9cc58-b3aa-5fc4-b5f1-aa65b77785a6,ec013845-cd09-5d9e-91ed-71b87b7272ea,5dd9cc58-b3aa-5fc4-b5f1-aa65b77785a6,Data Engineer,2-3
ec013845-cd09-5d9e-91ed-71b87b7272ea__7177151a-9726-52be-bd06-943ef1bfdc63,ec013845-cd09-5d9e-91ed-71b87b7272ea,7177151a-9726-52be-bd06-943ef1bfdc63,Data Engineer,2-3
ec013845-cd09-5d9e-91ed-71b87b7272ea__7cf3ec2f-5137-5360-ae5d-a46d6364f451,ec013845-cd09-5d9e-91ed-71b87b7272ea,7cf3ec2f-5137-5360-ae5d-a46d6364f451,Data Engineer,2-3
ec013845-cd09-5d9e-91ed-71b87b7272ea__83946eb6-0fc7-5476-8682-8824315e3293,ec013845-cd09-5d9e-91ed-71b87b7272ea,83946eb6-0fc7-5476-8682-8824315e3293,Data Engineer,2-3
075e0b08-df75-5928-9e48-ccfaae04f1e6__034ef00b-8605-5385-9950-c212a37a9987,075e0b08-df75-5928-9e48-ccfaae04f1e6,034ef00b-8605-5385-9950-c212a37a9987,Data Engineer,4-6
075e0b08-df75-5928-9e48-ccfaae04f1e6__390e5759-0304-54fd-be1d-9877d16153b6,075e0b08-df75-5928-9e48-ccfaae04f1e6,390e5759-0304-54fd-be1d-9877d16153b6,Data Engineer,4-6
075e0b08-df75-5928-9e48-ccfaae04f1e6__6419b63d-0574-5d8c-a50b-5d34fd2c5ca2,075e0b08-df75-5928-9e48-ccfaae04f1e6,6419b63d-0574-5d8c-a50b-5d34fd2c5ca2,Data Engineer,4-6
075e0b08-df75-5928-9e48-ccfaae04f1e6__989fa789-b6f4-5c44-b843-8691fb4e314b,075e0b08-df75-5928-9e48-ccfaae04f1e6,989fa789-b6f4-5c44-b843-8691fb4e314b,Data Engineer,4-6
075e0b08-df75-5928-9e48-ccfaae04f1e6__aa928c8c-5f68-5459-b4a3-104f64da7de4,075e0b08-df75-5928-9e48-ccfaae04f1e6,aa928c8c-5f68-5459-b4a3-104f64da7de4,Data Engineer,4-6
491d3297-5f96-53da-8e66-f09bd2d0070b__32d8f1e4-818d-51c8-b82d-f9855ccdeb69,491d3297-5f96-53da-8e66-f09bd2d0070b,32d8f1e4-818d-51c8-b82d-f9855ccdeb69,Data Engineer,4-6
491d3297-5f96-53da-8e66-f09bd2d0070b__36a7fee3-15ee-5a09-91e2-3e17d66d430c,491d3297-5f96-53da-8e66-f09bd2d0070b,36a7fee3-15ee-5a09-91e2-3e17d66d430c,Data Engineer,4-6
491d3297-5f96-53da-8e66-f09bd2d0070b__c3db6b41-5cee-5131-bd8d-543acf1a26fa,491d3297-5f96-53da-8e66-f09bd2d0070b,c3db6b41-5cee-5131-bd8d-543acf1a26fa,Data Engineer,4-6
491d3297-5f96-53da-8e66-f09bd2d0070b__d0cfd29f-5d56-53a0-ab62-88a7e4d40dfa,491d3297-5f96-53da-8e66-f09bd2d0070b,d0cfd29f-5d56-53a0-ab62-88a7e4d40dfa,Data Engineer,4-6
491d3297-5f96-53da-8e66-f09bd2d0070b__e7ea6631-287d-5076-bc08-7cde9a1b0f3c,491d3297-5f96-53da-8e66-f09bd2d0070b,e7ea6631-287d-5076-bc08-7cde9a1b0f3c,Data Engineer,4-6
73666fe2-d597-5ccf-857a-e31df8ce32bc__7da6884f-b453-5bf8-9316-6e09ebbe9d3d,73666fe2-d597-5ccf-857a-e31df8ce32bc,7da6884f-b453-5bf8-9316-6e09ebbe9d3d,Data Engineer,4-6
73666fe2-d597-5ccf-857a-e31df8ce32bc__8907a7ac-b0d2-5a9a-b25a-6326cabc788c,73666fe2-d597-5ccf-857a-e31df8ce32bc,8907a7ac-b0d2-5a9a-b25a-6326cabc788c,Data Engineer,4-6
73666fe2-d597-5ccf-857a-e31df8ce32bc__902aa190-e4f6-5f45-9e35-5cbcf006acd6,73666fe2-d597-5ccf-857a-e31df8ce32bc,902aa190-e4f6-5f45-9e35-5cbcf006acd6,Data Engineer,4-6
73666fe2-d597-5ccf-857a-e31df8ce32bc__9b89e162-637d-5d91-98bc-50a37ad9c551,73666fe2-d597-5ccf-857a-e31df8ce32bc,9b89e162-637d-5d91-98bc-50a37ad9c551,Data Engineer,4-6
73666fe2-d597-5ccf-857a-e31df8ce32bc__ff3eaf7f-ac6b-580d-9d3b-bfe2669dce46,73666fe2-d597-5ccf-857a-e31df8ce32bc,ff3eaf7f-ac6b-580d-9d3b-bfe2669dce46,Data Engineer,4-6
77328ad3-50c8-52dc-930a-89d654f4aea6__0a5c6ffa-caa4-580a-8e12-1209727c23eb,77328ad3-50c8-52dc-930a-89d654f4aea6,0a5c6ffa-caa4-580a-8e12-1209727c23eb,Data Engineer,4-6
77328ad3-50c8-52dc-930a-89d654f4aea6__58dc901a-d170-568d-b0c9-52f4b5621b9f,77328ad3-50c8-52dc-930a-89d654f4aea6,58dc901a-d170-568d-b0c9-52f4b5621b9f,Data Engineer,4-6
77328ad3-50c8-52dc-930a-89d654f4aea6__62bdcbae-2379-59f0-bab4-1f1d80ab7111,77328ad3-50c8-52dc-930a-89d654f4aea6,62bdcbae-2379-59f0-bab4-1f1d80ab7111,Data Engineer,4-6
77328ad3-50c8-52dc-930a-89d654f4aea6__6abdf5e9-5c52-5e2c-a829-a64d8001de98,77328ad3-50c8-52dc-930a-89d654f4aea6,6abdf5e9-5c52-5e2c-a829-a64d8001de98,Data Engineer,4-6
77328ad3-50c8-52dc-930a-89d654f4aea6__b9011f89-b264-5563-9324-addac663569b,77328ad3-50c8-52dc-930a-89d654f4aea6,b9011f89-b264-5563-9324-addac663569b,Data Engineer,4-6
8bf754ad-620e-5baa-bfec-a696af9f3cc6__3a9c97ed-bcc8-5347-84e7-365ae6adf860,8bf754ad-620e-5baa-bfec-a696af9f3cc6,3a9c97ed-bcc8-5347-84e7-365ae6adf860,Data Engineer,4-6
8bf754ad-620e-5baa-bfec-a696af9f3cc6__697fdd54-e955-589a-bd38-3ec5261d76d9,8bf754ad-620e-5baa-bfec-a696af9f3cc6,697fdd54-e955-589a-bd38-3ec5261d76d9,Data Engineer,4-6
8bf754ad-620e-5baa-bfec-a696af9f3cc6__7451eaf7-a153-56d3-b322-05046fb68389,8bf754ad-620e-5baa-bfec-a696af9f3cc6,7451eaf7-a153-56d3-b322-05046fb68389,Data Engineer,4-6
8bf754ad-620e-5baa-bfec-a696af9f3cc6__84701d42-0183-5a5c-8ecb-3029c84cf34a,8bf754ad-620e-5baa-bfec-a696af9f3cc6,84701d42-0183-5a5c-8ecb-3029c84cf34a,Data Engineer,4-6
8bf754ad-620e-5baa-bfec-a696af9f3cc6__b9011f89-b264-5563-9324-addac663569b,8bf754ad-620e-5baa-bfec-a696af9f3cc6,b9011f89-b264-5563-9324-addac663569b,Data Engineer,4-6
945be2c0-59d3-5860-a69b-3377c7aea70e__2342c329-8c68-5bc9-98af-c5b157c37ef5,945be2c0-59d3-5860-a69b-3377c7aea70e,2342c329-8c68-5bc9-98af-c5b157c37ef5,Data Engineer,4-6
945be2c0-59d3-5860-a69b-3377c7aea70e__36a7fee3-15ee-5a09-91e2-3e17d66d430c,945be2c0-59d3-5860-a69b-3377c7aea70e,36a7fee3-15ee-5a09-91e2-3e17d66d430c,Data Engineer,4-6
945be2c0-59d3-5860-a69b-3377c7aea70e__430d914a-bed8-538a-a0c1-e4d6d32e0404,945be2c0-59d3-5860-a69b-3377c7aea70e,430d914a-bed8-538a-a0c1-e4d6d32e0404,Data Engineer,4-6
945be2c0-59d3-5860-a69b-3377c7aea70e__62bdcbae-2379-59f0-bab4-1f1d80ab7111,945be2c0-59d3-5860-a69b-3377c7aea70e,62bdcbae-2379-59f0-bab4-1f1d80ab7111,Data Engineer,4-6
945be2c0-59d3-5860-a69b-3377c7aea70e__74d4934b-4a68-5cd5-9262-d6aefab8c278,945be2c0-59d3-5860-a69b-3377c7aea70e,74d4934b-4a68-5cd5-9262-d6aefab8c278,Data Engineer,4-6
a34e05dc-844b-547f-8ea4-6450dce8dac5__2342c329-8c68-5bc9-98af-c5b157c37ef5,a34e05dc-844b-547f-8ea4-6450dce8dac5,2342c329-8c68-5bc9-98af-c5b157c37ef5,Data Engineer,4-6
a34e05dc-844b-547f-8ea4-6450dce8dac5__5363ec97-7783-532f-acbb-833db0709b33,a34e05dc-844b-547f-8ea4-6450dce8dac5,5363ec97-7783-532f-acbb-833db0709b33,Data Engineer,4-6
a34e05dc-844b-547f-8ea4-6450dce8dac5__7e90f60f-e332-5eb3-9c54-f7c145b60684,a34e05dc-844b-547f-8ea4-6450dce8dac5,7e90f60f-e332-5eb3-9c54-f7c145b60684,Data Engineer,4-6
a34e05dc-844b-547f-8ea4-6450dce8dac5__b21b9511-adca-5734-b93a-d816f925dbe2,a34e05dc-844b-547f-8ea4-6450dce8dac5,b21b9511-adca-5734-b93a-d816f925dbe2,Data Engineer,4-6
a34e05dc-844b-547f-8ea4-6450dce8dac5__ff3eaf7f-ac6b-580d-9d3b-bfe2669dce46,a34e05dc-844b-547f-8ea4-6450dce8dac5,ff3eaf7f-ac6b-580d-9d3b-bfe2669dce46,Data Engineer,4-6
a515aa70-2bb5-5658-b16e-4f7bf93f223d__32014668-c3d5-5699-8832-6f531934fb66,a515aa70-2bb5-5658-b16e-4f7bf93f223d,32014668-c3d5-5699-8832-6f531934fb66,Data Engineer,4-6
a515aa70-2bb5-5658-b16e-4f7bf93f223d__404fcfdb-f40b-54cb-99ee-29e40a6e582d,a515aa70-2bb5-5658-b16e-4f7bf93f223d,404fcfdb-f40b-54cb-99ee-29e40a6e582d,Data Engineer,4-6
a515aa70-2bb5-5658-b16e-4f7bf93f223d__428107f6-626f-533a-815e-0e9107bd1990,a515aa70-2bb5-5658-b16e-4f7bf93f223d,428107f6-626f-533a-815e-0e9107bd1990,Data Engineer,4-6
a515aa70-2bb5-5658-b16e-4f7bf93f223d__b1b7579f-afcb-5151-bdfb-df8b9bf7469a,a515aa70-2bb5-5658-b16e-4f7bf93f223d,b1b7579f-afcb-5151-bdfb-df8b9bf7469a,Data Engineer,4-6
a515aa70-2bb5-5658-b16e-4f7bf93f223d__bdde98c7-5194-5c11-b772-8d8050be12de,a515aa70-2bb5-5658-b16e-4f7bf93f223d,bdde98c7-5194-5c11-b772-8d8050be12de,Data Engineer,4-6
bb0bbd95-b74a-5b01-8aa0-182805c7708a__19ceea8a-8c2b-56be-a62d-6d8f89633068,bb0bbd95-b74a-5b01-8aa0-182805c7708a,19ceea8a-8c2b-56be-a62d-6d8f89633068,Data Engineer,4-6
bb0bbd95-b74a-5b01-8aa0-182805c7708a__3179afff-8e62-5058-a69d-065d62695135,bb0bbd95-b74a-5b01-8aa0-182805c7708a,3179afff-8e62-5058-a69d-065d62695135,Data Engineer,4-6
bb0bbd95-b74a-5b01-8aa0-182805c7708a__430d914a-bed8-538a-a0c1-e4d6d32e0404,bb0bbd95-b74a-5b01-8aa0-182805c7708a,430d914a-bed8-538a-a0c1-e4d6d32e0404,Data Engineer,4-6
bb0bbd95-b74a-5b01-8aa0-182805c7708a__90560f7c-15c9-5987-bc8e-8e1e790d1695,bb0bbd95-b74a-5b01-8aa0-182805c7708a,90560f7c-15c9-5987-bc8e-8e1e790d1695,Data Engineer,4-6
bb0bbd95-b74a-5b01-8aa0-182805c7708a__e4001d46-27e5-540f-b263-ba7c2351e0df,bb0bbd95-b74a-5b01-8aa0-182805c7708a,e4001d46-27e5-540f-b263-ba7c2351e0df,Data Engineer,4-6
bc72c46a-edbc-568c-9d84-33fb87880119__71646f24-ea38-589d-88a6-108d13941bae,bc72c46a-edbc-568c-9d84-33fb87880119,71646f24-ea38-589d-88a6-108d13941bae,Data Engineer,4-6
bc72c46a-edbc-568c-9d84-33fb87880119__9b89e162-637d-5d91-98bc-50a37ad9c551,bc72c46a-edbc-568c-9d84-33fb87880119,9b89e162-637d-5d91-98bc-50a37ad9c551,Data Engineer,4-6
bc72c46a-edbc-568c-9d84-33fb87880119__b22c7473-9da4-589b-854c-917e96611346,bc72c46a-edbc-568c-9d84-33fb87880119,b22c7473-9da4-589b-854c-917e96611346,Data Engineer,4-6
bc72c46a-edbc-568c-9d84-33fb87880119__de07bf03-2604-5094-a74b-cd3722e4c870,bc72c46a-edbc-568c-9d84-33fb87880119,de07bf03-2604-5094-a74b-cd3722e4c870,Data Engineer,4-6
bc72c46a-edbc-568c-9d84-33fb87880119__e792501c-abef-5f2e-865c-04dbe249b1c1,bc72c46a-edbc-568c-9d84-33fb87880119,e792501c-abef-5f2e-865c-04dbe249b1c1,Data Engineer,4-6
d0ae05a6-22a9-51e7-b088-38fc029713ab__11831327-d984-5b3c-94d2-47c049418261,d0ae05a6-22a9-51e7-b088-38fc029713ab,11831327-d984-5b3c-94d2-47c049418261,Data Engineer,4-6
d0ae05a6-22a9-51e7-b088-38fc029713ab__266d090f-72ae-5904-a598-188b8b8ba98a,d0ae05a6-22a9-51e7-b088-38fc029713ab,266d090f-72ae-5904-a598-188b8b8ba98a,Data Engineer,4-6
d0ae05a6-22a9-51e7-b088-38fc029713ab__b1b7579f-afcb-5151-bdfb-df8b9bf7469a,d0ae05a6-22a9-51e7-b088-38fc029713ab,b1b7579f-afcb-5151-bdfb-df8b9bf7469a,Data Engineer,4-6
d0ae05a6-22a9-51e7-b088-38fc029713ab__c08057f9-0fb8-54e1-a9d5-b901dda68ad3,d0ae05a6-22a9-51e7-b088-38fc029713ab,c08057f9-0fb8-54e1-a9d5-b901dda68ad3,Data Engineer,4-6
d0ae05a6-22a9-51e7-b088-38fc029713ab__d711598d-eac0-5504-8ba0-2e2f94f24ed5,d0ae05a6-22a9-51e7-b088-38fc029713ab,d711598d-eac0-5504-8ba0-2e2f94f24ed5,Data Engineer,4-6
d8fe61c8-e908-5c99-a599-514774c1ccf9__5f5e2896-5c8a-5ccd-a1bc-028e285da796,d8fe61c8-e908-5c99-a599-514774c1ccf9,5f5e2896-5c8a-5ccd-a1bc-028e285da796,Data Engineer,4-6
d8fe61c8-e908-5c99-a599-514774c1ccf9__bb373640-689a-55db-a3e1-c0708fc94c1f,d8fe61c8-e908-5c99-a599-514774c1ccf9,bb373640-689a-55db-a3e1-c0708fc94c1f,Data Engineer,4-6
d8fe61c8-e908-5c99-a599-514774c1ccf9__c3db6b41-5cee-5131-bd8d-543acf1a26fa,d8fe61c8-e908-5c99-a599-514774c1ccf9,c3db6b41-5cee-5131-bd8d-543acf1a26fa,Data Engineer,4-6
d8fe61c8-e908-5c99-a599-514774c1ccf9__d0cfd29f-5d56-53a0-ab62-88a7e4d40dfa,d8fe61c8-e908-5c99-a599-514774c1ccf9,d0cfd29f-5d56-53a0-ab62-88a7e4d40dfa,Data Engineer,4-6
d8fe61c8-e908-5c99-a599-514774c1ccf9__df9006ac-4b8c-51df-a5f2-4f924f3d857f,d8fe61c8-e908-5c99-a599-514774c1ccf9,df9006ac-4b8c-51df-a5f2-4f924f3d857f,Data Engineer,4-6
deafb3ae-78f8-53a0-84ce-3e753d7546a6__5363ec97-7783-532f-acbb-833db0709b33,deafb3ae-78f8-53a0-84ce-3e753d7546a6,5363ec97-7783-532f-acbb-833db0709b33,Data Engineer,4-6
deafb3ae-78f8-53a0-84ce-3e753d7546a6__837a9c63-7254-5991-a196-a68847c76cf0,deafb3ae-78f8-53a0-84ce-3e753d7546a6,837a9c63-7254-5991-a196-a68847c76cf0,Data Engineer,4-6
deafb3ae-78f8-53a0-84ce-3e753d7546a6__b44ae0c1-8e39-5bec-9831-0d9466d9768b,deafb3ae-78f8-53a0-84ce-3e753d7546a6,b44ae0c1-8e39-5bec-9831-0d9466d9768b,Data Engineer,4-6
deafb3ae-78f8-53a0-84ce-3e753d7546a6__d791521f-831c-5447-8bef-96fcf0b45dc7,deafb3ae-78f8-53a0-84ce-3e753d7546a6,d791521f-831c-5447-8bef-96fcf0b45dc7,Data Engineer,4-6
deafb3ae-78f8-53a0-84ce-3e753d7546a6__df9006ac-4b8c-51df-a5f2-4f924f3d857f,deafb3ae-78f8-53a0-84ce-3e753d7546a6,df9006ac-4b8c-51df-a5f2-4f924f3d857f,Data Engineer,4-6
e3678f25-33e6-5712-a218-f8aaa3524a87__55ba3d9e-4acd-5409-b524-8faec85b6a89,e3678f25-33e6-5712-a218-f8aaa3524a87,55ba3d9e-4acd-5409-b524-8faec85b6a89,Data Engineer,4-6
e3678f25-33e6-5712-a218-f8aaa3524a87__837a9c63-7254-5991-a196-a68847c76cf0,e3678f25-33e6-5712-a218-f8aaa3524a87,837a9c63-7254-5991-a196-a68847c76cf0,Data Engineer,4-6
e3678f25-33e6-5712-a218-f8aaa3524a87__902aa190-e4f6-5f45-9e35-5cbcf006acd6,e3678f25-33e6-5712-a218-f8aaa3524a87,902aa190-e4f6-5f45-9e35-5cbcf006acd6,Data Engineer,4-6
e3678f25-33e6-5712-a218-f8aaa3524a87__bb41eb6b-b77b-50b7-8b1a-62988132a0ad,e3678f25-33e6-5712-a218-f8aaa3524a87,bb41eb6b-b77b-50b7-8b1a-62988132a0ad,Data Engineer,4-6
e3678f25-33e6-5712-a218-f8aaa3524a87__fbce7c25-3503-59e6-b1af-b74de905682f,e3678f25-33e6-5712-a218-f8aaa3524a87,fbce7c25-3503-59e6-b1af-b74de905682f,Data Engineer,4-6
ec1f4464-5d79-5c82-96ac-b76271d059d1__3698d0b1-6cee-5ef0-bdde-38320caedb4b,ec1f4464-5d79-5c82-96ac-b76271d059d1,3698d0b1-6cee-5ef0-bdde-38320caedb4b,Data Engineer,4-6
ec1f4464-5d79-5c82-96ac-b76271d059d1__38e5bef4-a5cb-5360-8e61-4c754d23b1df,ec1f4464-5d79-5c82-96ac-b76271d059d1,38e5bef4-a5cb-5360-8e61-4c754d23b1df,Data Engineer,4-6
ec1f4464-5d79-5c82-96ac-b76271d059d1__88bd2165-3e11-5a17-b2ac-6ef838244ed1,ec1f4464-5d79-5c82-96ac-b76271d059d1,88bd2165-3e11-5a17-b2ac-6ef838244ed1,Data Engineer,4-6
ec1f4464-5d79-5c82-96ac-b76271d059d1__bf6cc6a6-51b3-57ff-a8c9-ffbf54cee409,ec1f4464-5d79-5c82-96ac-b76271d059d1,bf6cc6a6-51b3-57ff-a8c9-ffbf54cee409,Data Engineer,4-6
ec1f4464-5d79-5c82-96ac-b76271d059d1__df9006ac-4b8c-51df-a5f2-4f924f3d857f,ec1f4464-5d79-5c82-96ac-b76271d059d1,df9006ac-4b8c-51df-a5f2-4f924f3d857f,Data Engineer,4-6
1ffdfa63-7b4a-5217-9ab6-241adbe601df__37d91ae0-f9c5-5893-a404-e428b22b2256,1ffdfa63-7b4a-5217-9ab6-241adbe601df,37d91ae0-f9c5-5893-a404-e428b22b2256,Data Science,0-1
1ffdfa63-7b4a-5217-9ab6-241adbe601df__54457007-6268-59bb-8a67-22d155079342,1ffdfa63-7b4a-5217-9ab6-241adbe601df,54457007-6268-59bb-8a67-22d155079342,Data Science,0-1
1ffdfa63-7b4a-5217-9ab6-241adbe601df__5998fc10-6825-51ef-b3fd-5cd0b51f604d,1ffdfa63-7b4a-5217-9ab6-241adbe601df,5998fc10-6825-51ef-b3fd-5cd0b51f604d,Data Science,0-1
1ffdfa63-7b4a-5217-9ab6-241adbe601df__b4881d6d-7c53-55f0-a7bc-04b4289a3047,1ffdfa63-7b4a-5217-9ab6-241adbe601df,b4881d6d-7c53-55f0-a7bc-04b4289a3047,Data Science,0-1
1ffdfa63-7b4a-5217-9ab6-241adbe601df__fe026e6d-f4db-560f-aa3a-854c8bb3d166,1ffdfa63-7b4a-5217-9ab6-241adbe601df,fe026e6d-f4db-560f-aa3a-854c8bb3d166,Data Science,0-1
212c3cee-6845-58ea-b946-6b3f5a8f22b1__0f2d3028-6588-55b5-b11a-46a1d7bb8d09,212c3cee-6845-58ea-b946-6b3f5a8f22b1,0f2d3028-6588-55b5-b11a-46a1d7bb8d09,Data Science,0-1
212c3cee-6845-58ea-b946-6b3f5a8f22b1__2092ad4a-6d44-54bd-a87e-6ec4d9e88796,212c3cee-6845-58ea-b946-6b3f5a8f22b1,2092ad4a-6d44-54bd-a87e-6ec4d9e88796,Data Science,0-1
212c3cee-6845-58ea-b946-6b3f5a8f22b1__74364632-d175-5d81-b666-3c6aa285c6d5,212c3cee-6845-58ea-b946-6b3f5a8f22b1,74364632-d175-5d81-b666-3c6aa285c6d5,Data Science,0-1
212c3cee-6845-58ea-b946-6b3f5a8f22b1__9c60bf45-e673-519b-94f5-e1a1071076c8,212c3cee-6845-58ea-b946-6b3f5a8f22b1,9c60bf45-e673-519b-94f5-e1a1071076c8,Data Science,0-1
212c3cee-6845-58ea-b946-6b3f5a8f22b1__e6e38852-2116-5330-b205-dfe6f43e11cc,212c3cee-6845-58ea-b946-6b3f5a8f22b1,e6e38852-2116-5330-b205-dfe6f43e11cc,Data Science,0-1
27ae57e3-aa2f-5399-ac89-8727305ab00d__5a0b3b50-cd82-536b-95b3-8d5a9ba1f1b1,27ae57e3-aa2f-5399-ac89-8727305ab00d,5a0b3b50-cd82-536b-95b3-8d5a9ba1f1b1,Data Science,0-1
27ae57e3-aa2f-5399-ac89-8727305ab00d__71f64a10-34ed-548d-b439-6964d6f15b72,27ae57e3-aa2f-5399-ac89-8727305ab00d,71f64a10-34ed-548d-b439-6964d6f15b72,Data Science,0-1
27ae57e3-aa2f-5399-ac89-8727305ab00d__97eb1b44-a16a-5ca9-88df-cca362670f56,27ae57e3-aa2f-5399-ac89-8727305ab00d,97eb1b44-a16a-5ca9-88df-cca362670f56,Data Science,0-1
27ae57e3-aa2f-5399-ac89-8727305ab00d__a6cdb1fd-9e6e-53ab-b059-70ac7d0a0f8f,27ae57e3-aa2f-5399-ac89-8727305ab00d,a6cdb1fd-9e6e-53ab-b059-70ac7d0a0f8f,Data Science,0-1
27ae57e3-aa2f-5399-ac89-8727305ab00d__f11dce57-6307-5833-bfa5-448090f1bce2,27ae57e3-aa2f-5399-ac89-8727305ab00d,f11dce57-6307-5833-bfa5-448090f1bce2,Data Science,0-1
54d3446d-5b3e-5a18-b409-c5aa7f17ff3d__36b048a6-7f36-58cd-a66e-810b207fc387,54d3446d-5b3e-5a18-b409-c5aa7f17ff3d,36b048a6-7f36-58cd-a66e-810b207fc387,Data Science,0-1
54d3446d-5b3e-5a18-b409-c5aa7f17ff3d__3c37f013-6bf3-5f9e-88d7-0e8afd21bc35,54d3446d-5b3e-5a18-b409-c5aa7f17ff3d,3c37f013-6bf3-5f9e-88d7-0e8afd21bc35,Data Science,0-1
54d3446d-5b3e-5a18-b409-c5aa7f17ff3d__e664561d-ef70-5510-8916-e3c2f5066580,54d3446d-5b3e-5a18-b409-c5aa7f17ff3d,e664561d-ef70-5510-8916-e3c2f5066580,Data Science,0-1
54d3446d-5b3e-5a18-b409-c5aa7f17ff3d__ebb61334-bcd9-5796-b3b0-ec86455ccaa9,54d3446d-5b3e-5a18-b409-c5aa7f17ff3d,ebb61334-bcd9-5796-b3b0-ec86455ccaa9,Data Science,0-1
54d3446d-5b3e-5a18-b409-c5aa7f17ff3d__f5e81e66-b170-5f20-a746-ebdd80bbce33,54d3446d-5b3e-5a18-b409-c5aa7f17ff3d,f5e81e66-b170-5f20-a746-ebdd80bbce33,Data Science,0-1
63f0623c-4a12-5038-8b52-b432e9042974__161764af-7c84-5f79-9005-eb953848e234,63f0623c-4a12-5038-8b52-b432e9042974,161764af-7c84-5f79-9005-eb953848e234,Data Science,0-1
63f0623c-4a12-5038-8b52-b432e9042974__1e5df394-5095-5138-a859-2cf663bd7f90,63f0623c-4a12-5038-8b52-b432e9042974,1e5df394-5095-5138-a859-2cf663bd7f90,Data Science,0-1
63f0623c-4a12-5038-8b52-b432e9042974__2092ad4a-6d44-54bd-a87e-6ec4d9e88796,63f0623c-4a12-5038-8b52-b432e9042974,2092ad4a-6d44-54bd-a87e-6ec4d9e88796,Data Science,0-1
63f0623c-4a12-5038-8b52-b432e9042974__6d859bfe-ca21-5fb5-b1a6-c37b0aea35f4,63f0623c-4a12-5038-8b52-b432e9042974,6d859bfe-ca21-5fb5-b1a6-c37b0aea35f4,Data Science,0-1
63f0623c-4a12-5038-8b52-b432e9042974__f31b52a2-4f73-534c-9221-447c6e5bb966,63f0623c-4a12-5038-8b52-b432e9042974,f31b52a2-4f73-534c-9221-447c6e5bb966,Data Science,0-1
66a2773a-83b3-5ee0-b61a-fef6edfec3ae__012ae7b4-ce85-5cee-8ed2-2750e8f14335,66a2773a-83b3-5ee0-b61a-fef6edfec3ae,012ae7b4-ce85-5cee-8ed2-2750e8f14335,Data Science,0-1
66a2773a-83b3-5ee0-b61a-fef6edfec3ae__800bf4ae-f950-545c-9c5f-66baff5ec965,66a2773a-83b3-5ee0-b61a-fef6edfec3ae,800bf4ae-f950-545c-9c5f-66baff5ec965,Data Science,0-1
66a2773a-83b3-5ee0-b61a-fef6edfec3ae__98138045-ccd0-5246-a6c0-d966b9a09d4e,66a2773a-83b3-5ee0-b61a-fef6edfec3ae,98138045-ccd0-5246-a6c0-d966b9a09d4e,Data Science,0-1
66a2773a-83b3-5ee0-b61a-fef6edfec3ae__e4a27e53-446f-5fdb-abd0-524798d4fb40,66a2773a-83b3-5ee0-b61a-fef6edfec3ae,e4a27e53-446f-5fdb-abd0-524798d4fb40,Data Science,0-1
66a2773a-83b3-5ee0-b61a-fef6edfec3ae__f8a6accc-cb5f-515c-a3db-945c6d426bf9,66a2773a-83b3-5ee0-b61a-fef6edfec3ae,f8a6accc-cb5f-515c-a3db-945c6d426bf9,Data Science,0-1
79419143-3914-535b-8268-d12f43cc7112__5a0b3b50-cd82-536b-95b3-8d5a9ba1f1b1,79419143-3914-535b-8268-d12f43cc7112,5a0b3b50-cd82-536b-95b3-8d5a9ba1f1b1,Data Science,0-1
79419143-3914-535b-8268-d12f43cc7112__78d52b7c-6180-5d0e-9765-c67193ac8c43,79419143-3914-535b-8268-d12f43cc7112,78d52b7c-6180-5d0e-9765-c67193ac8c43,Data Science,0-1
79419143-3914-535b-8268-d12f43cc7112__c96ebf0a-91c3-5e21-9c8e-abf087d276fe,79419143-3914-535b-8268-d12f43cc7112,c96ebf0a-91c3-5e21-9c8e-abf087d276fe,Data Science,0-1
79419143-3914-535b-8268-d12f43cc7112__da3ffe85-1166-5777-a498-5d980d1ffc26,79419143-3914-535b-8268-d12f43cc7112,da3ffe85-1166-5777-a498-5d980d1ffc26,Data Science,0-1
79419143-3914-535b-8268-d12f43cc7112__de2f71d2-bb28-547f-898a-9926d96198a5,79419143-3914-535b-8268-d12f43cc7112,de2f71d2-bb28-547f-898a-9926d96198a5,Data Science,0-1
9af0ea55-b9f4-5bdb-b009-668d717f0d9e__135cd48e-6316-598c-8b8b-7343d55bbbab,9af0ea55-b9f4-5bdb-b009-668d717f0d9e,135cd48e-6316-598c-8b8b-7343d55bbbab,Data Science,0-1
9af0ea55-b9f4-5bdb-b009-668d717f0d9e__2b5d5d2c-80fd-5c34-9adc-59bf245a7191,9af0ea55-b9f4-5bdb-b009-668d717f0d9e,2b5d5d2c-80fd-5c34-9adc-59bf245a7191,Data Science,0-1
9af0ea55-b9f4-5bdb-b009-668d717f0d9e__3bf33ce7-acfe-5630-93c9-7ef8c8d249c5,9af0ea55-b9f4-5bdb-b009-668d717f0d9e,3bf33ce7-acfe-5630-93c9-7ef8c8d249c5,Data Science,0-1
9af0ea55-b9f4-5bdb-b009-668d717f0d9e__727ba4af-d46a-5f84-8f5d-1c6509fbc09b,9af0ea55-b9f4-5bdb-b009-668d717f0d9e,727ba4af-d46a-5f84-8f5d-1c6509fbc09b,Data Science,0-1
9af0ea55-b9f4-5bdb-b009-668d717f0d9e__967df620-aed6-5ff1-963e-b5ce8979ae08,9af0ea55-b9f4-5bdb-b009-668d717f0d9e,967df620-aed6-5ff1-963e-b5ce8979ae08,Data Science,0-1
9fab78de-3365-58df-9eb6-747ad584f9a3__26a23784-3429-5dba-853a-5fb14790f80f,9fab78de-3365-58df-9eb6-747ad584f9a3,26a23784-3429-5dba-853a-5fb14790f80f,Data Science,0-1
9fab78de-3365-58df-9eb6-747ad584f9a3__2ee45d8d-065f-5929-b8a9-75659ecc7211,9fab78de-3365-58df-9eb6-747ad584f9a3,2ee45d8d-065f-5929-b8a9-75659ecc7211,Data Science,0-1
9fab78de-3365-58df-9eb6-747ad584f9a3__3c2e5c8e-037a-5d30-8563-32c1635d57ad,9fab78de-3365-58df-9eb6-747ad584f9a3,3c2e5c8e-037a-5d30-8563-32c1635d57ad,Data Science,0-1
9fab78de-3365-58df-9eb6-747ad584f9a3__a51458c3-0684-5db9-a556-f27bff8a029b,9fab78de-3365-58df-9eb6-747ad584f9a3,a51458c3-0684-5db9-a556-f27bff8a029b,Data Science,0-1
9fab78de-3365-58df-9eb6-747ad584f9a3__b9304098-7dbf-5ede-bb25-d7d463eb8588,9fab78de-3365-58df-9eb6-747ad584f9a3,b9304098-7dbf-5ede-bb25-d7d463eb8588,Data Science,0-1
aeb66954-90b9-5520-a634-b5bb2dff537d__6918ac75-f840-5692-b7e7-81bc5c5ecb22,aeb66954-90b9-5520-a634-b5bb2dff537d,6918ac75-f840-5692-b7e7-81bc5c5ecb22,Data Science,0-1
aeb66954-90b9-5520-a634-b5bb2dff537d__9a37021c-4fda-5b9e-b222-4e11fe6864aa,aeb66954-90b9-5520-a634-b5bb2dff537d,9a37021c-4fda-5b9e-b222-4e11fe6864aa,Data Science,0-1
aeb66954-90b9-5520-a634-b5bb2dff537d__a6dcb3d8-769f-5abf-8ce0-7bb10c10470a,aeb66954-90b9-5520-a634-b5bb2dff537d,a6dcb3d8-769f-5abf-8ce0-7bb10c10470a,Data Science,0-1
aeb66954-90b9-5520-a634-b5bb2dff537d__bc066cb9-bee3-5ec5-85da-914c7ebe3a05,aeb66954-90b9-5520-a634-b5bb2dff537d,bc066cb9-bee3-5ec5-85da-914c7ebe3a05,Data Science,0-1
aeb66954-90b9-5520-a634-b5bb2dff537d__e45bf970-485a-532c-b6a9-74b2e3d02d2f,aeb66954-90b9-5520-a634-b5bb2dff537d,e45bf970-485a-532c-b6a9-74b2e3d02d2f,Data Science,0-1
b421c452-081f-5922-89d4-61889f7a5f33__22132989-8bee-5867-8633-8179fcc05bbb,b421c452-081f-5922-89d4-61889f7a5f33,22132989-8bee-5867-8633-8179fcc05bbb,Data Science,0-1
b421c452-081f-5922-89d4-61889f7a5f33__6291f938-7c0a-5601-8d63-c86b55b41922,b421c452-081f-5922-89d4-61889f7a5f33,6291f938-7c0a-5601-8d63-c86b55b41922,Data Science,0-1
b421c452-081f-5922-89d4-61889f7a5f33__7b2e4f5f-e104-5c69-9e54-38ee3d6f3cfe,b421c452-081f-5922-89d4-61889f7a5f33,7b2e4f5f-e104-5c69-9e54-38ee3d6f3cfe,Data Science,0-1
b421c452-081f-5922-89d4-61889f7a5f33__89a4bcf1-21b4-591d-9e70-1a8ae14ed35d,b421c452-081f-5922-89d4-61889f7a5f33,89a4bcf1-21b4-591d-9e70-1a8ae14ed35d,Data Science,0-1
b421c452-081f-5922-89d4-61889f7a5f33__dd24f0b1-4ca4-500e-baa6-33396916f362,b421c452-081f-5922-89d4-61889f7a5f33,dd24f0b1-4ca4-500e-baa6-33396916f362,Data Science,0-1
d2d6cc5f-54f5-5260-8000-6981de92ce3e__6aa2bd64-d592-5b37-8b7a-65f8e189276f,d2d6cc5f-54f5-5260-8000-6981de92ce3e,6aa2bd64-d592-5b37-8b7a-65f8e189276f,Data Science,0-1
d2d6cc5f-54f5-5260-8000-6981de92ce3e__727ba4af-d46a-5f84-8f5d-1c6509fbc09b,d2d6cc5f-54f5-5260-8000-6981de92ce3e,727ba4af-d46a-5f84-8f5d-1c6509fbc09b,Data Science,0-1
d2d6cc5f-54f5-5260-8000-6981de92ce3e__731a8a0e-7463-5ba1-8591-0b3807c1fbc7,d2d6cc5f-54f5-5260-8000-6981de92ce3e,731a8a0e-7463-5ba1-8591-0b3807c1fbc7,Data Science,0-1
d2d6cc5f-54f5-5260-8000-6981de92ce3e__a745355c-037e-5cd8-b562-c104b4fed004,d2d6cc5f-54f5-5260-8000-6981de92ce3e,a745355c-037e-5cd8-b562-c104b4fed004,Data Science,0-1
d2d6cc5f-54f5-5260-8000-6981de92ce3e__f5e81e66-b170-5f20-a746-ebdd80bbce33,d2d6cc5f-54f5-5260-8000-6981de92ce3e,f5e81e66-b170-5f20-a746-ebdd80bbce33,Data Science,0-1
dd4dab6b-519f-5170-8238-c3f952ac6e2f__0adb1b0f-27e3-5d40-b46f-7f89bb5fd58b,dd4dab6b-519f-5170-8238-c3f952ac6e2f,0adb1b0f-27e3-5d40-b46f-7f89bb5fd58b,Data Science,0-1
dd4dab6b-519f-5170-8238-c3f952ac6e2f__32de853e-6925-5e44-b665-31069f6c3158,dd4dab6b-519f-5170-8238-c3f952ac6e2f,32de853e-6925-5e44-b665-31069f6c3158,Data Science,0-1
dd4dab6b-519f-5170-8238-c3f952ac6e2f__665a9e57-cef6-5457-a50d-59b68f2ac993,dd4dab6b-519f-5170-8238-c3f952ac6e2f,665a9e57-cef6-5457-a50d-59b68f2ac993,Data Science,0-1
dd4dab6b-519f-5170-8238-c3f952ac6e2f__7ad46c77-21d5-5665-9e75-418a37db23ed,dd4dab6b-519f-5170-8238-c3f952ac6e2f,7ad46c77-21d5-5665-9e75-418a37db23ed,Data Science,0-1
dd4dab6b-519f-5170-8238-c3f952ac6e2f__a2f4e458-657e-5e6a-a1d4-93951d237f5e,dd4dab6b-519f-5170-8238-c3f952ac6e2f,a2f4e458-657e-5e6a-a1d4-93951d237f5e,Data Science,0-1
eebbc26d-1a85-5747-b661-3b1ae441b2f6__0adb1b0f-27e3-5d40-b46f-7f89bb5fd58b,eebbc26d-1a85-5747-b661-3b1ae441b2f6,0adb1b0f-27e3-5d40-b46f-7f89bb5fd58b,Data Science,0-1
eebbc26d-1a85-5747-b661-3b1ae441b2f6__122dc745-941f-5822-858a-e152f64dfef7,eebbc26d-1a85-5747-b661-3b1ae441b2f6,122dc745-941f-5822-858a-e152f64dfef7,Data Science,0-1
eebbc26d-1a85-5747-b661-3b1ae441b2f6__1b84dedd-a9d1-52e4-8e1a-973105405038,eebbc26d-1a85-5747-b661-3b1ae441b2f6,1b84dedd-a9d1-52e4-8e1a-973105405038,Data Science,0-1
eebbc26d-1a85-5747-b661-3b1ae441b2f6__3f421800-24f7-5907-979d-995a27cb9131,eebbc26d-1a85-5747-b661-3b1ae441b2f6,3f421800-24f7-5907-979d-995a27cb9131,Data Science,0-1
eebbc26d-1a85-5747-b661-3b1ae441b2f6__7b2e4f5f-e104-5c69-9e54-38ee3d6f3cfe,eebbc26d-1a85-5747-b661-3b1ae441b2f6,7b2e4f5f-e104-5c69-9e54-38ee3d6f3cfe,Data Science,0-1
fee39840-53b1-591c-a325-dfd3718711a6__1407eaa2-704d-5609-a699-33caed722335,fee39840-53b1-591c-a325-dfd3718711a6,1407eaa2-704d-5609-a699-33caed722335,Data Science,0-1
fee39840-53b1-591c-a325-dfd3718711a6__22cd8432-a87a-51de-b40e-1934087e724c,fee39840-53b1-591c-a325-dfd3718711a6,22cd8432-a87a-51de-b40e-1934087e724c,Data Science,0-1
fee39840-53b1-591c-a325-dfd3718711a6__9c3da194-bbb6-5e23-b8a2-a5b6605bea26,fee39840-53b1-591c-a325-dfd3718711a6,9c3da194-bbb6-5e23-b8a2-a5b6605bea26,Data Science,0-1
fee39840-53b1-591c-a325-dfd3718711a6__bc373032-6f8d-567a-90bb-98e0641fc55f,fee39840-53b1-591c-a325-dfd3718711a6,bc373032-6f8d-567a-90bb-98e0641fc55f,Data Science,0-1
fee39840-53b1-591c-a325-dfd3718711a6__d8c1e1cc-b2f5-5b96-8b96-59bc1366be73,fee39840-53b1-591c-a325-dfd3718711a6,d8c1e1cc-b2f5-5b96-8b96-59bc1366be73,Data Science,0-1
09193328-a866-5533-aabf-3bdfea339ec4__2005f335-1d01-5871-8c77-15cfb3dd8977,09193328-a866-5533-aabf-3bdfea339ec4,2005f335-1d01-5871-8c77-15cfb3dd8977,Data Science,2-3
09193328-a866-5533-aabf-3bdfea339ec4__548fc050-a4a8-5398-8e45-ed06f79f3333,09193328-a866-5533-aabf-3bdfea339ec4,548fc050-a4a8-5398-8e45-ed06f79f3333,Data Science,2-3
09193328-a866-5533-aabf-3bdfea339ec4__560f588f-503d-5d1b-b7b2-acaa4b2822fa,09193328-a866-5533-aabf-3bdfea339ec4,560f588f-503d-5d1b-b7b2-acaa4b2822fa,Data Science,2-3
09193328-a866-5533-aabf-3bdfea339ec4__a61fbcb4-55d7-5c58-9216-cdf83e4db8a0,09193328-a866-5533-aabf-3bdfea339ec4,a61fbcb4-55d7-5c58-9216-cdf83e4db8a0,Data Science,2-3
09193328-a866-5533-aabf-3bdfea339ec4__bf04fc11-1f3e-523b-b16b-7156dc2eb14d,09193328-a866-5533-aabf-3bdfea339ec4,bf04fc11-1f3e-523b-b16b-7156dc2eb14d,Data Science,2-3
0bfad76a-1b7d-5826-a07b-b1c05102be04__5a80ee04-c772-57e7-8e1f-127a4d32cdff,0bfad76a-1b7d-5826-a07b-b1c05102be04,5a80ee04-c772-57e7-8e1f-127a4d32cdff,Data Science,2-3
0bfad76a-1b7d-5826-a07b-b1c05102be04__7cb45c67-dcac-5b7d-b7e2-b6b5e2cbeab4,0bfad76a-1b7d-5826-a07b-b1c05102be04,7cb45c67-dcac-5b7d-b7e2-b6b5e2cbeab4,Data Science,2-3
0bfad76a-1b7d-5826-a07b-b1c05102be04__b02df612-4b1b-5251-ad24-cde1ffbdfb33,0bfad76a-1b7d-5826-a07b-b1c05102be04,b02df612-4b1b-5251-ad24-cde1ffbdfb33,Data Science,2-3
0bfad76a-1b7d-5826-a07b-b1c05102be04__e1a9276d-046f-57fe-aafa-af92fe2aac0b,0bfad76a-1b7d-5826-a07b-b1c05102be04,e1a9276d-046f-57fe-aafa-af92fe2aac0b,Data Science,2-3
0bfad76a-1b7d-5826-a07b-b1c05102be04__fed32623-4e96-5d8a-a89c-4c5c0d8f5775,0bfad76a-1b7d-5826-a07b-b1c05102be04,fed32623-4e96-5d8a-a89c-4c5c0d8f5775,Data Science,2-3
0d8917cb-5212-58cd-b0f9-e6a64c4b38c8__3143a239-831a-5b66-8e47-6da1665139ed,0d8917cb-5212-58cd-b0f9-e6a64c4b38c8,3143a239-831a-5b66-8e47-6da1665139ed,Data Science,2-3
0d8917cb-5212-58cd-b0f9-e6a64c4b38c8__450c0f2a-1e73-515b-a640-7830f16910d3,0d8917cb-5212-58cd-b0f9-e6a64c4b38c8,450c0f2a-1e73-515b-a640-7830f16910d3,Data Science,2-3
0d8917cb-5212-58cd-b0f9-e6a64c4b38c8__56e4f716-2f45-5a09-a6c4-a78013b02436,0d8917cb-5212-58cd-b0f9-e6a64c4b38c8,56e4f716-2f45-5a09-a6c4-a78013b02436,Data Science,2-3
0d8917cb-5212-58cd-b0f9-e6a64c4b38c8__af55ce57-218c-5edf-894b-a790d89ecd89,0d8917cb-5212-58cd-b0f9-e6a64c4b38c8,af55ce57-218c-5edf-894b-a790d89ecd89,Data Science,2-3
0d8917cb-5212-58cd-b0f9-e6a64c4b38c8__dec0381f-01a2-5717-aa55-84534da062ab,0d8917cb-5212-58cd-b0f9-e6a64c4b38c8,dec0381f-01a2-5717-aa55-84534da062ab,Data Science,2-3
17c2658e-fe34-5902-8f64-cf55ca2bcdbe__3a51512b-240a-59b6-836b-64826eb65b9d,17c2658e-fe34-5902-8f64-cf55ca2bcdbe,3a51512b-240a-59b6-836b-64826eb65b9d,Data Science,2-3
17c2658e-fe34-5902-8f64-cf55ca2bcdbe__bec46c56-448c-5f5f-a3cf-743664be8526,17c2658e-fe34-5902-8f64-cf55ca2bcdbe,bec46c56-448c-5f5f-a3cf-743664be8526,Data Science,2-3
17c2658e-fe34-5902-8f64-cf55ca2bcdbe__e112aa35-a41c-5523-804c-4e7a9c0f3160,17c2658e-fe34-5902-8f64-cf55ca2bcdbe,e112aa35-a41c-5523-804c-4e7a9c0f3160,Data Science,2-3
17c2658e-fe34-5902-8f64-cf55ca2bcdbe__f89444d4-bb77-58c8-828a-9d8ecf3fe46d,17c2658e-fe34-5902-8f64-cf55ca2bcdbe,f89444d4-bb77-58c8-828a-9d8ecf3fe46d,Data Science,2-3
17c2658e-fe34-5902-8f64-cf55ca2bcdbe__fb506e7b-627c-5685-98ba-64ab9b328e9f,17c2658e-fe34-5902-8f64-cf55ca2bcdbe,fb506e7b-627c-5685-98ba-64ab9b328e9f,Data Science,2-3
1d22b8e6-9c3f-5083-856d-85076ab0a451__0b320a38-d2e7-5d39-9844-d6e686c9b2c1,1d22b8e6-9c3f-5083-856d-85076ab0a451,0b320a38-d2e7-5d39-9844-d6e686c9b2c1,Data Science,2-3
1d22b8e6-9c3f-5083-856d-85076ab0a451__6aec3f66-a547-5ad8-80e1-85bc95e0e085,1d22b8e6-9c3f-5083-856d-85076ab0a451,6aec3f66-a547-5ad8-80e1-85bc95e0e085,Data Science,2-3
1d22b8e6-9c3f-5083-856d-85076ab0a451__7ab2c70b-7e4a-5b73-9788-980f0416be80,1d22b8e6-9c3f-5083-856d-85076ab0a451,7ab2c70b-7e4a-5b73-9788-980f0416be80,Data Science,2-3
1d22b8e6-9c3f-5083-856d-85076ab0a451__866f6629-071e-54d8-91d9-5e3c36e21c9d,1d22b8e6-9c3f-5083-856d-85076ab0a451,866f6629-071e-54d8-91d9-5e3c36e21c9d,Data Science,2-3
1d22b8e6-9c3f-5083-856d-85076ab0a451__ba8a71e7-8635-52b9-a734-53d2fd5cb233,1d22b8e6-9c3f-5083-856d-85076ab0a451,ba8a71e7-8635-52b9-a734-53d2fd5cb233,Data Science,2-3
2e546d23-468b-54af-8193-279e9844e022__30ea4a39-ca91-5d17-a097-c7a4161d07e9,2e546d23-468b-54af-8193-279e9844e022,30ea4a39-ca91-5d17-a097-c7a4161d07e9,Data Science,2-3
2e546d23-468b-54af-8193-279e9844e022__5327f39a-8174-5f45-9b4a-4b33e504f64d,2e546d23-468b-54af-8193-279e9844e022,5327f39a-8174-5f45-9b4a-4b33e504f64d,Data Science,2-3
2e546d23-468b-54af-8193-279e9844e022__81984502-3f13-5c9c-9ee5-0025e563df95,2e546d23-468b-54af-8193-279e9844e022,81984502-3f13-5c9c-9ee5-0025e563df95,Data Science,2-3
2e546d23-468b-54af-8193-279e9844e022__89610c39-4cb7-5f3e-9a66-a41342540679,2e546d23-468b-54af-8193-279e9844e022,89610c39-4cb7-5f3e-9a66-a41342540679,Data Science,2-3
2e546d23-468b-54af-8193-279e9844e022__f87cee48-cc5d-5827-ab17-e0e10608421f,2e546d23-468b-54af-8193-279e9844e022,f87cee48-cc5d-5827-ab17-e0e10608421f,Data Science,2-3
4d4ecec6-7507-5597-82ef-409538cfae64__032ca5f9-2c0d-5a84-b7f2-286f0e9506d9,4d4ecec6-7507-5597-82ef-409538cfae64,032ca5f9-2c0d-5a84-b7f2-286f0e9506d9,Data Science,2-3
4d4ecec6-7507-5597-82ef-409538cfae64__302d4d0f-508c-51fe-9533-8cd35cb5a738,4d4ecec6-7507-5597-82ef-409538cfae64,302d4d0f-508c-51fe-9533-8cd35cb5a738,Data Science,2-3
4d4ecec6-7507-5597-82ef-409538cfae64__39bab767-e41b-5d69-bebd-824442582de8,4d4ecec6-7507-5597-82ef-409538cfae64,39bab767-e41b-5d69-bebd-824442582de8,Data Science,2-3
4d4ecec6-7507-5597-82ef-409538cfae64__6afa843f-727e-56ca-a577-a50572f22d6e,4d4ecec6-7507-5597-82ef-409538cfae64,6afa843f-727e-56ca-a577-a50572f22d6e,Data Science,2-3
4d4ecec6-7507-5597-82ef-409538cfae64__96db37b9-43ac-577f-9974-61aa7a759b5e,4d4ecec6-7507-5597-82ef-409538cfae64,96db37b9-43ac-577f-9974-61aa7a759b5e,Data Science,2-3
810e185a-f019-5522-9c03-14aa48963004__072c4bd8-2dbe-5596-82dd-0925cd5c1395,810e185a-f019-5522-9c03-14aa48963004,072c4bd8-2dbe-5596-82dd-0925cd5c1395,Data Science,2-3
810e185a-f019-5522-9c03-14aa48963004__22e2b9f3-6526-50f4-b58c-4d00fbdf7707,810e185a-f019-5522-9c03-14aa48963004,22e2b9f3-6526-50f4-b58c-4d00fbdf7707,Data Science,2-3
810e185a-f019-5522-9c03-14aa48963004__943deadb-3573-58b7-b95e-af2446b16c81,810e185a-f019-5522-9c03-14aa48963004,943deadb-3573-58b7-b95e-af2446b16c81,Data Science,2-3
810e185a-f019-5522-9c03-14aa48963004__b8753223-682b-5f91-8d87-f0d692409ab1,810e185a-f019-5522-9c03-14aa48963004,b8753223-682b-5f91-8d87-f0d692409ab1,Data Science,2-3
810e185a-f019-5522-9c03-14aa48963004__b909b963-d9bd-5571-b76e-5508b96569f5,810e185a-f019-5522-9c03-14aa48963004,b909b963-d9bd-5571-b76e-5508b96569f5,Data Science,2-3
9d10f9b6-306a-575c-acbe-816901ae9529__39bab767-e41b-5d69-bebd-824442582de8,9d10f9b6-306a-575c-acbe-816901ae9529,39bab767-e41b-5d69-bebd-824442582de8,Data Science,2-3
9d10f9b6-306a-575c-acbe-816901ae9529__6d972ffa-eb3a-5c83-a5cd-46d501d69a7c,9d10f9b6-306a-575c-acbe-816901ae9529,6d972ffa-eb3a-5c83-a5cd-46d501d69a7c,Data Science,2-3
9d10f9b6-306a-575c-acbe-816901ae9529__8edbade0-7654-5a06-8d64-035be5d66f05,9d10f9b6-306a-575c-acbe-816901ae9529,8edbade0-7654-5a06-8d64-035be5d66f05,Data Science,2-3
9d10f9b6-306a-575c-acbe-816901ae9529__af07a557-4862-56af-96c1-1e203abf3218,9d10f9b6-306a-575c-acbe-816901ae9529,af07a557-4862-56af-96c1-1e203abf3218,Data Science,2-3
9d10f9b6-306a-575c-acbe-816901ae9529__d918d640-98ed-57cf-836c-9508ff20cdad,9d10f9b6-306a-575c-acbe-816901ae9529,d918d640-98ed-57cf-836c-9508ff20cdad,Data Science,2-3
a6e7cae1-723e-5999-8c85-3d08776878cc__11ae98a6-57d5-54ac-81b2-7213021e756c,a6e7cae1-723e-5999-8c85-3d08776878cc,11ae98a6-57d5-54ac-81b2-7213021e756c,Data Science,2-3
a6e7cae1-723e-5999-8c85-3d08776878cc__8e7d21ca-76a2-50d4-8633-a80ebdcaaefd,a6e7cae1-723e-5999-8c85-3d08776878cc,8e7d21ca-76a2-50d4-8633-a80ebdcaaefd,Data Science,2-3
a6e7cae1-723e-5999-8c85-3d08776878cc__cf344f11-ccb1-5f9e-857d-1a9af1f7f882,a6e7cae1-723e-5999-8c85-3d08776878cc,cf344f11-ccb1-5f9e-857d-1a9af1f7f882,Data Science,2-3
a6e7cae1-723e-5999-8c85-3d08776878cc__e6d2e910-fd5b-5229-995c-a8ad5475e323,a6e7cae1-723e-5999-8c85-3d08776878cc,e6d2e910-fd5b-5229-995c-a8ad5475e323,Data Science,2-3
a6e7cae1-723e-5999-8c85-3d08776878cc__ec99f0dd-dd6d-5390-bb7f-ce160b99bd05,a6e7cae1-723e-5999-8c85-3d08776878cc,ec99f0dd-dd6d-5390-bb7f-ce160b99bd05,Data Science,2-3
cfc1660d-d911-5722-b26c-eef015f3ada7__0c13de06-beef-54b5-9d1e-b3bc2dacebf0,cfc1660d-d911-5722-b26c-eef015f3ada7,0c13de06-beef-54b5-9d1e-b3bc2dacebf0,Data Science,2-3
cfc1660d-d911-5722-b26c-eef015f3ada7__8b497d9f-a3d9-51f4-a051-3e78b3870ca7,cfc1660d-d911-5722-b26c-eef015f3ada7,8b497d9f-a3d9-51f4-a051-3e78b3870ca7,Data Science,2-3
cfc1660d-d911-5722-b26c-eef015f3ada7__b723ff25-57b9-561d-9fac-babe084ab24d,cfc1660d-d911-5722-b26c-eef015f3ada7,b723ff25-57b9-561d-9fac-babe084ab24d,Data Science,2-3
cfc1660d-d911-5722-b26c-eef015f3ada7__c94d6269-e9ba-53ba-942f-037cc58c5f84,cfc1660d-d911-5722-b26c-eef015f3ada7,c94d6269-e9ba-53ba-942f-037cc58c5f84,Data Science,2-3
cfc1660d-d911-5722-b26c-eef015f3ada7__e0d4b48d-cbe6-5e33-86d4-96e6e4412e1e,cfc1660d-d911-5722-b26c-eef015f3ada7,e0d4b48d-cbe6-5e33-86d4-96e6e4412e1e,Data Science,2-3
db930060-cf9a-5d54-a5e7-4ebbbe72c006__52f2a650-67ae-5e20-9776-52b62258391b,db930060-cf9a-5d54-a5e7-4ebbbe72c006,52f2a650-67ae-5e20-9776-52b62258391b,Data Science,2-3
db930060-cf9a-5d54-a5e7-4ebbbe72c006__5da0d28e-5fa7-5df3-9b68-42b0c00e1129,db930060-cf9a-5d54-a5e7-4ebbbe72c006,5da0d28e-5fa7-5df3-9b68-42b0c00e1129,Data Science,2-3
db930060-cf9a-5d54-a5e7-4ebbbe72c006__6a79229c-23e0-5de0-9385-a7ca7f2124a3,db930060-cf9a-5d54-a5e7-4ebbbe72c006,6a79229c-23e0-5de0-9385-a7ca7f2124a3,Data Science,2-3
db930060-cf9a-5d54-a5e7-4ebbbe72c006__7ab2c70b-7e4a-5b73-9788-980f0416be80,db930060-cf9a-5d54-a5e7-4ebbbe72c006,7ab2c70b-7e4a-5b73-9788-980f0416be80,Data Science,2-3
db930060-cf9a-5d54-a5e7-4ebbbe72c006__ada700b7-4a4e-504e-93f3-6a88d43b1aa0,db930060-cf9a-5d54-a5e7-4ebbbe72c006,ada700b7-4a4e-504e-93f3-6a88d43b1aa0,Data Science,2-3
dd205719-09da-5157-89b4-9926e6fa63f6__583bd2ef-c4a8-5021-9c68-2ffc75bbd3ec,dd205719-09da-5157-89b4-9926e6fa63f6,583bd2ef-c4a8-5021-9c68-2ffc75bbd3ec,Data Science,2-3
dd205719-09da-5157-89b4-9926e6fa63f6__5e532f90-8e78-5b46-b30e-45bd2910d496,dd205719-09da-5157-89b4-9926e6fa63f6,5e532f90-8e78-5b46-b30e-45bd2910d496,Data Science,2-3
dd205719-09da-5157-89b4-9926e6fa63f6__77dfac40-8b59-5b87-b941-4aaf309ddaaa,dd205719-09da-5157-89b4-9926e6fa63f6,77dfac40-8b59-5b87-b941-4aaf309ddaaa,Data Science,2-3
dd205719-09da-5157-89b4-9926e6fa63f6__7985ad0b-26c6-5673-91c4-268664590e3a,dd205719-09da-5157-89b4-9926e6fa63f6,7985ad0b-26c6-5673-91c4-268664590e3a,Data Science,2-3
dd205719-09da-5157-89b4-9926e6fa63f6__eafe6fb1-5a21-51d0-8cbd-c745359aca2c,dd205719-09da-5157-89b4-9926e6fa63f6,eafe6fb1-5a21-51d0-8cbd-c745359aca2c,Data Science,2-3
e08af9d6-aeba-5f47-8424-1e3ca3ed0689__25e93ecc-1ca1-5e47-aa3d-062c7afeb1b3,e08af9d6-aeba-5f47-8424-1e3ca3ed0689,25e93ecc-1ca1-5e47-aa3d-062c7afeb1b3,Data Science,2-3
e08af9d6-aeba-5f47-8424-1e3ca3ed0689__8a45de53-5fbe-5668-9d68-5883f9dc02e3,e08af9d6-aeba-5f47-8424-1e3ca3ed0689,8a45de53-5fbe-5668-9d68-5883f9dc02e3,Data Science,2-3
e08af9d6-aeba-5f47-8424-1e3ca3ed0689__8bd8270c-4ddd-5fc6-be0c-b1e9fcb12da2,e08af9d6-aeba-5f47-8424-1e3ca3ed0689,8bd8270c-4ddd-5fc6-be0c-b1e9fcb12da2,Data Science,2-3
e08af9d6-aeba-5f47-8424-1e3ca3ed0689__d918d640-98ed-57cf-836c-9508ff20cdad,e08af9d6-aeba-5f47-8424-1e3ca3ed0689,d918d640-98ed-57cf-836c-9508ff20cdad,Data Science,2-3
e08af9d6-aeba-5f47-8424-1e3ca3ed0689__e7fb86d7-6d9c-5f15-8007-28d2418dd220,e08af9d6-aeba-5f47-8424-1e3ca3ed0689,e7fb86d7-6d9c-5f15-8007-28d2418dd220,Data Science,2-3
fc5b4f21-0ee5-5345-9dec-52ab7ef24497__009d6069-1d43-5b5a-9127-b121db2954cb,fc5b4f21-0ee5-5345-9dec-52ab7ef24497,009d6069-1d43-5b5a-9127-b121db2954cb,Data Science,2-3
fc5b4f21-0ee5-5345-9dec-52ab7ef24497__2b6712a7-7162-5c17-a302-1c31b5992038,fc5b4f21-0ee5-5345-9dec-52ab7ef24497,2b6712a7-7162-5c17-a302-1c31b5992038,Data Science,2-3
fc5b4f21-0ee5-5345-9dec-52ab7ef24497__7b684059-7440-5d0a-a373-699010c8cd40,fc5b4f21-0ee5-5345-9dec-52ab7ef24497,7b684059-7440-5d0a-a373-699010c8cd40,Data Science,2-3
fc5b4f21-0ee5-5345-9dec-52ab7ef24497__c978371e-2923-55d4-ae08-972d32e1b01a,fc5b4f21-0ee5-5345-9dec-52ab7ef24497,c978371e-2923-55d4-ae08-972d32e1b01a,Data Science,2-3
fc5b4f21-0ee5-5345-9dec-52ab7ef24497__d20aeafc-f989-5236-b3d7-ae8c354073d1,fc5b4f21-0ee5-5345-9dec-52ab7ef24497,d20aeafc-f989-5236-b3d7-ae8c354073d1,Data Science,2-3
0f4691ad-2bd1-543c-92fe-dbf7aa66677b__0184e8bb-90fb-5917-a840-3be29c110c8f,0f4691ad-2bd1-543c-92fe-dbf7aa66677b,0184e8bb-90fb-5917-a840-3be29c110c8f,Data Science,4-6
0f4691ad-2bd1-543c-92fe-dbf7aa66677b__2b9c69dd-0073-5e97-8b1d-f0d8ba10c572,0f4691ad-2bd1-543c-92fe-dbf7aa66677b,2b9c69dd-0073-5e97-8b1d-f0d8ba10c572,Data Science,4-6
0f4691ad-2bd1-543c-92fe-dbf7aa66677b__55f45939-d898-5958-8498-9d37366ed869,0f4691ad-2bd1-543c-92fe-dbf7aa66677b,55f45939-d898-5958-8498-9d37366ed869,Data Science,4-6
0f4691ad-2bd1-543c-92fe-dbf7aa66677b__93c64e45-f4d7-5d58-9c1f-1efacf439156,0f4691ad-2bd1-543c-92fe-dbf7aa66677b,93c64e45-f4d7-5d58-9c1f-1efacf439156,Data Science,4-6
0f4691ad-2bd1-543c-92fe-dbf7aa66677b__f0a43d05-4c41-5b77-a015-8134ea9b5521,0f4691ad-2bd1-543c-92fe-dbf7aa66677b,f0a43d05-4c41-5b77-a015-8134ea9b5521,Data Science,4-6
119f95b4-0c32-54e8-8721-5661f0a74ca8__5a1f0f18-1276-56a6-a2d5-130d77331149,119f95b4-0c32-54e8-8721-5661f0a74ca8,5a1f0f18-1276-56a6-a2d5-130d77331149,Data Science,4-6
119f95b4-0c32-54e8-8721-5661f0a74ca8__5d7839a4-1a9f-5f5f-8e02-5c90eb1be485,119f95b4-0c32-54e8-8721-5661f0a74ca8,5d7839a4-1a9f-5f5f-8e02-5c90eb1be485,Data Science,4-6
119f95b4-0c32-54e8-8721-5661f0a74ca8__84ab0c79-2c96-5bda-8e4c-b6cdf51896fb,119f95b4-0c32-54e8-8721-5661f0a74ca8,84ab0c79-2c96-5bda-8e4c-b6cdf51896fb,Data Science,4-6
119f95b4-0c32-54e8-8721-5661f0a74ca8__f1da8780-10f0-5636-b66c-a7f1ab2944cc,119f95b4-0c32-54e8-8721-5661f0a74ca8,f1da8780-10f0-5636-b66c-a7f1ab2944cc,Data Science,4-6
119f95b4-0c32-54e8-8721-5661f0a74ca8__f57fc04b-41d3-549a-84ec-9368306357a3,119f95b4-0c32-54e8-8721-5661f0a74ca8,f57fc04b-41d3-549a-84ec-9368306357a3,Data Science,4-6
1d4d53ae-74ed-5a6e-af8e-441a9639fb8f__053c910e-020c-51d0-8db5-de69f00505c9,1d4d53ae-74ed-5a6e-af8e-441a9639fb8f,053c910e-020c-51d0-8db5-de69f00505c9,Data Science,4-6
1d4d53ae-74ed-5a6e-af8e-441a9639fb8f__07c10dbc-6bbc-5fb1-b3bd-61fb49b9dce3,1d4d53ae-74ed-5a6e-af8e-441a9639fb8f,07c10dbc-6bbc-5fb1-b3bd-61fb49b9dce3,Data Science,4-6
1d4d53ae-74ed-5a6e-af8e-441a9639fb8f__62c32e17-d39d-5616-9b4d-64d153050e32,1d4d53ae-74ed-5a6e-af8e-441a9639fb8f,62c32e17-d39d-5616-9b4d-64d153050e32,Data Science,4-6
1d4d53ae-74ed-5a6e-af8e-441a9639fb8f__654e41c3-9b05-5e6a-970a-80e0d9380f22,1d4d53ae-74ed-5a6e-af8e-441a9639fb8f,654e41c3-9b05-5e6a-970a-80e0d9380f22,Data Science,4-6
1d4d53ae-74ed-5a6e-af8e-441a9639fb8f__86aadede-b980-51e1-a7b5-ee64cdcfa8f6,1d4d53ae-74ed-5a6e-af8e-441a9639fb8f,86aadede-b980-51e1-a7b5-ee64cdcfa8f6,Data Science,4-6
2a4937b4-586b-59ae-9064-3352f9c13354__3244629d-2ee2-54e8-b3ef-69e996f4e730,2a4937b4-586b-59ae-9064-3352f9c13354,3244629d-2ee2-54e8-b3ef-69e996f4e730,Data Science,4-6
2a4937b4-586b-59ae-9064-3352f9c13354__3b830353-dc16-58c1-9c9e-97690f7c8b5d,2a4937b4-586b-59ae-9064-3352f9c13354,3b830353-dc16-58c1-9c9e-97690f7c8b5d,Data Science,4-6
2a4937b4-586b-59ae-9064-3352f9c13354__831c7638-03a9-5e89-8256-989d6cb1ba79,2a4937b4-586b-59ae-9064-3352f9c13354,831c7638-03a9-5e89-8256-989d6cb1ba79,Data Science,4-6
2a4937b4-586b-59ae-9064-3352f9c13354__8f20f050-ee21-5691-afe0-522b37bf4053,2a4937b4-586b-59ae-9064-3352f9c13354,8f20f050-ee21-5691-afe0-522b37bf4053,Data Science,4-6
2a4937b4-586b-59ae-9064-3352f9c13354__9539c635-98f9-5f13-aed2-42454957b535,2a4937b4-586b-59ae-9064-3352f9c13354,9539c635-98f9-5f13-aed2-42454957b535,Data Science,4-6
44bacb06-1a3c-5eb3-a591-70703f8998d3__346add32-3c70-53f8-9232-631d81dec0ca,44bacb06-1a3c-5eb3-a591-70703f8998d3,346add32-3c70-53f8-9232-631d81dec0ca,Data Science,4-6
44bacb06-1a3c-5eb3-a591-70703f8998d3__3cd27741-530f-52ee-87e6-8ca65c9e2cb2,44bacb06-1a3c-5eb3-a591-70703f8998d3,3cd27741-530f-52ee-87e6-8ca65c9e2cb2,Data Science,4-6
44bacb06-1a3c-5eb3-a591-70703f8998d3__9e0e15ec-8cbb-505c-ae18-326806d61aa2,44bacb06-1a3c-5eb3-a591-70703f8998d3,9e0e15ec-8cbb-505c-ae18-326806d61aa2,Data Science,4-6
44bacb06-1a3c-5eb3-a591-70703f8998d3__c4db0c34-a0ed-5233-ac26-ee9a2f701c19,44bacb06-1a3c-5eb3-a591-70703f8998d3,c4db0c34-a0ed-5233-ac26-ee9a2f701c19,Data Science,4-6
44bacb06-1a3c-5eb3-a591-70703f8998d3__fd113588-659d-5b27-b9ae-f5becd52dbc9,44bacb06-1a3c-5eb3-a591-70703f8998d3,fd113588-659d-5b27-b9ae-f5becd52dbc9,Data Science,4-6
4642168b-bee2-51c2-ac21-79c1e2f16fdc__11ce261a-0834-5e3f-bfff-c97ca7e20b7a,4642168b-bee2-51c2-ac21-79c1e2f16fdc,11ce261a-0834-5e3f-bfff-c97ca7e20b7a,Data Science,4-6
4642168b-bee2-51c2-ac21-79c1e2f16fdc__7c0957c3-4806-5ed7-a0a1-c3b1eed4f89e,4642168b-bee2-51c2-ac21-79c1e2f16fdc,7c0957c3-4806-5ed7-a0a1-c3b1eed4f89e,Data Science,4-6
4642168b-bee2-51c2-ac21-79c1e2f16fdc__7edd914c-604c-5992-9999-2fd634d24038,4642168b-bee2-51c2-ac21-79c1e2f16fdc,7edd914c-604c-5992-9999-2fd634d24038,Data Science,4-6
4642168b-bee2-51c2-ac21-79c1e2f16fdc__a237d356-9732-5002-955f-9d634c646664,4642168b-bee2-51c2-ac21-79c1e2f16fdc,a237d356-9732-5002-955f-9d634c646664,Data Science,4-6
4642168b-bee2-51c2-ac21-79c1e2f16fdc__e96d727d-f851-56cf-9fdd-a80d6e1184be,4642168b-bee2-51c2-ac21-79c1e2f16fdc,e96d727d-f851-56cf-9fdd-a80d6e1184be,Data Science,4-6
519cc6df-6058-54dc-81a3-57e8b31b33ce__001928e3-f426-51ec-b0d5-b9da8f53e0dd,519cc6df-6058-54dc-81a3-57e8b31b33ce,001928e3-f426-51ec-b0d5-b9da8f53e0dd,Data Science,4-6
519cc6df-6058-54dc-81a3-57e8b31b33ce__2e4958e1-21e9-547c-b99f-867b79cb13f9,519cc6df-6058-54dc-81a3-57e8b31b33ce,2e4958e1-21e9-547c-b99f-867b79cb13f9,Data Science,4-6
519cc6df-6058-54dc-81a3-57e8b31b33ce__3a515fc4-f8e2-5828-8fb7-05c183e6944a,519cc6df-6058-54dc-81a3-57e8b31b33ce,3a515fc4-f8e2-5828-8fb7-05c183e6944a,Data Science,4-6
519cc6df-6058-54dc-81a3-57e8b31b33ce__7eafce7f-33f3-5894-8f7d-7ad41ebe12a2,519cc6df-6058-54dc-81a3-57e8b31b33ce,7eafce7f-33f3-5894-8f7d-7ad41ebe12a2,Data Science,4-6
519cc6df-6058-54dc-81a3-57e8b31b33ce__e41b7494-c8a1-5510-a365-40b266f3b456,519cc6df-6058-54dc-81a3-57e8b31b33ce,e41b7494-c8a1-5510-a365-40b266f3b456,Data Science,4-6
707656ca-fbae-59a8-b7d3-73ba25f0886b__3b463a23-9410-56fa-a787-8a06b7116e5b,707656ca-fbae-59a8-b7d3-73ba25f0886b,3b463a23-9410-56fa-a787-8a06b7116e5b,Data Science,4-6
707656ca-fbae-59a8-b7d3-73ba25f0886b__abd2e3e2-9923-5c0d-85c8-262a34a5d41d,707656ca-fbae-59a8-b7d3-73ba25f0886b,abd2e3e2-9923-5c0d-85c8-262a34a5d41d,Data Science,4-6
707656ca-fbae-59a8-b7d3-73ba25f0886b__e41b7494-c8a1-5510-a365-40b266f3b456,707656ca-fbae-59a8-b7d3-73ba25f0886b,e41b7494-c8a1-5510-a365-40b266f3b456,Data Science,4-6
707656ca-fbae-59a8-b7d3-73ba25f0886b__ef4daac1-0f8d-5f76-855f-f12c60600db4,707656ca-fbae-59a8-b7d3-73ba25f0886b,ef4daac1-0f8d-5f76-855f-f12c60600db4,Data Science,4-6
707656ca-fbae-59a8-b7d3-73ba25f0886b__f6a71874-3c09-5969-8118-fc1c31af526f,707656ca-fbae-59a8-b7d3-73ba25f0886b,f6a71874-3c09-5969-8118-fc1c31af526f,Data Science,4-6
8897a3f8-bbc3-5eb9-9a93-6d042b331fc3__2490053f-40f4-5ac7-a575-1c7b8fa2a7e0,8897a3f8-bbc3-5eb9-9a93-6d042b331fc3,2490053f-40f4-5ac7-a575-1c7b8fa2a7e0,Data Science,4-6
8897a3f8-bbc3-5eb9-9a93-6d042b331fc3__934701ca-2075-5e21-b9d8-b8aa3e6112be,8897a3f8-bbc3-5eb9-9a93-6d042b331fc3,934701ca-2075-5e21-b9d8-b8aa3e6112be,Data Science,4-6
8897a3f8-bbc3-5eb9-9a93-6d042b331fc3__9ad3f968-a41b-582d-b3f7-7772b139e9f6,8897a3f8-bbc3-5eb9-9a93-6d042b331fc3,9ad3f968-a41b-582d-b3f7-7772b139e9f6,Data Science,4-6
8897a3f8-bbc3-5eb9-9a93-6d042b331fc3__a6765e98-525f-5e79-8505-188c60f9753a,8897a3f8-bbc3-5eb9-9a93-6d042b331fc3,a6765e98-525f-5e79-8505-188c60f9753a,Data Science,4-6
8897a3f8-bbc3-5eb9-9a93-6d042b331fc3__d6af8b64-930c-582d-865d-84ffacb501a2,8897a3f8-bbc3-5eb9-9a93-6d042b331fc3,d6af8b64-930c-582d-865d-84ffacb501a2,Data Science,4-6
8bd29e16-31f2-5e67-8ce9-6b712eb2140a__084df7fc-4270-584f-9c7a-b39c3367f6da,8bd29e16-31f2-5e67-8ce9-6b712eb2140a,084df7fc-4270-584f-9c7a-b39c3367f6da,Data Science,4-6
8bd29e16-31f2-5e67-8ce9-6b712eb2140a__3a515fc4-f8e2-5828-8fb7-05c183e6944a,8bd29e16-31f2-5e67-8ce9-6b712eb2140a,3a515fc4-f8e2-5828-8fb7-05c183e6944a,Data Science,4-6
8bd29e16-31f2-5e67-8ce9-6b712eb2140a__7edd914c-604c-5992-9999-2fd634d24038,8bd29e16-31f2-5e67-8ce9-6b712eb2140a,7edd914c-604c-5992-9999-2fd634d24038,Data Science,4-6
8bd29e16-31f2-5e67-8ce9-6b712eb2140a__9a739623-c293-5917-9f8c-e1b3f15e9027,8bd29e16-31f2-5e67-8ce9-6b712eb2140a,9a739623-c293-5917-9f8c-e1b3f15e9027,Data Science,4-6
8bd29e16-31f2-5e67-8ce9-6b712eb2140a__abc0b9e8-e68c-5aae-9c50-9de7c574520d,8bd29e16-31f2-5e67-8ce9-6b712eb2140a,abc0b9e8-e68c-5aae-9c50-9de7c574520d,Data Science,4-6
972c045c-6f67-5b8e-96af-7cbee1207d80__8412666c-9cb7-54bf-89c6-9783cb48c88a,972c045c-6f67-5b8e-96af-7cbee1207d80,8412666c-9cb7-54bf-89c6-9783cb48c88a,Data Science,4-6
972c045c-6f67-5b8e-96af-7cbee1207d80__90521a7e-22c5-559b-aa8d-9dd14ba09de5,972c045c-6f67-5b8e-96af-7cbee1207d80,90521a7e-22c5-559b-aa8d-9dd14ba09de5,Data Science,4-6
972c045c-6f67-5b8e-96af-7cbee1207d80__e41b7494-c8a1-5510-a365-40b266f3b456,972c045c-6f67-5b8e-96af-7cbee1207d80,e41b7494-c8a1-5510-a365-40b266f3b456,Data Science,4-6
972c045c-6f67-5b8e-96af-7cbee1207d80__e9ede7b2-3027-5693-8a37-f0c5dedd4294,972c045c-6f67-5b8e-96af-7cbee1207d80,e9ede7b2-3027-5693-8a37-f0c5dedd4294,Data Science,4-6
972c045c-6f67-5b8e-96af-7cbee1207d80__ee6d572f-3cd4-5f71-81f9-0c56c6bf943e,972c045c-6f67-5b8e-96af-7cbee1207d80,ee6d572f-3cd4-5f71-81f9-0c56c6bf943e,Data Science,4-6
a4763da9-2693-5c22-b164-19485a43e413__0bd70b2e-a5a6-5fc9-94c9-43145c8a7314,a4763da9-2693-5c22-b164-19485a43e413,0bd70b2e-a5a6-5fc9-94c9-43145c8a7314,Data Science,4-6
a4763da9-2693-5c22-b164-19485a43e413__34a6ab12-5d08-59c9-817a-2bd8963824ea,a4763da9-2693-5c22-b164-19485a43e413,34a6ab12-5d08-59c9-817a-2bd8963824ea,Data Science,4-6
a4763da9-2693-5c22-b164-19485a43e413__654e41c3-9b05-5e6a-970a-80e0d9380f22,a4763da9-2693-5c22-b164-19485a43e413,654e41c3-9b05-5e6a-970a-80e0d9380f22,Data Science,4-6
a4763da9-2693-5c22-b164-19485a43e413__e9cc3b04-0dab-5dc4-acc2-308a3f968ce9,a4763da9-2693-5c22-b164-19485a43e413,e9cc3b04-0dab-5dc4-acc2-308a3f968ce9,Data Science,4-6
a4763da9-2693-5c22-b164-19485a43e413__f1da8780-10f0-5636-b66c-a7f1ab2944cc,a4763da9-2693-5c22-b164-19485a43e413,f1da8780-10f0-5636-b66c-a7f1ab2944cc,Data Science,4-6
d4f97425-6bca-5c30-b71b-20906db00698__5aa71f73-ed0a-5a1c-9a2c-b32af0b6f40d,d4f97425-6bca-5c30-b71b-20906db00698,5aa71f73-ed0a-5a1c-9a2c-b32af0b6f40d,Data Science,4-6
d4f97425-6bca-5c30-b71b-20906db00698__7edd914c-604c-5992-9999-2fd634d24038,d4f97425-6bca-5c30-b71b-20906db00698,7edd914c-604c-5992-9999-2fd634d24038,Data Science,4-6
d4f97425-6bca-5c30-b71b-20906db00698__9239bac1-ddeb-51a1-bfb1-18afe67c404a,d4f97425-6bca-5c30-b71b-20906db00698,9239bac1-ddeb-51a1-bfb1-18afe67c404a,Data Science,4-6
d4f97425-6bca-5c30-b71b-20906db00698__a032cfb7-d39c-5b9c-9b54-618ad4f83704,d4f97425-6bca-5c30-b71b-20906db00698,a032cfb7-d39c-5b9c-9b54-618ad4f83704,Data Science,4-6
d4f97425-6bca-5c30-b71b-20906db00698__cdd768e6-777d-544c-904d-9762d16acc24,d4f97425-6bca-5c30-b71b-20906db00698,cdd768e6-777d-544c-904d-9762d16acc24,Data Science,4-6
f0dc0003-e99e-5f5f-8bc0-75a1cf991197__133eec2d-4fc2-5c74-9c74-d334856dc0c1,f0dc0003-e99e-5f5f-8bc0-75a1cf991197,133eec2d-4fc2-5c74-9c74-d334856dc0c1,Data Science,4-6
f0dc0003-e99e-5f5f-8bc0-75a1cf991197__1e30a648-a62c-52ab-85dd-f599c95df540,f0dc0003-e99e-5f5f-8bc0-75a1cf991197,1e30a648-a62c-52ab-85dd-f599c95df540,Data Science,4-6
f0dc0003-e99e-5f5f-8bc0-75a1cf991197__5a1f0f18-1276-56a6-a2d5-130d77331149,f0dc0003-e99e-5f5f-8bc0-75a1cf991197,5a1f0f18-1276-56a6-a2d5-130d77331149,Data Science,4-6
f0dc0003-e99e-5f5f-8bc0-75a1cf991197__ca712c79-91ef-56a1-9e0d-1898e4a36ec8,f0dc0003-e99e-5f5f-8bc0-75a1cf991197,ca712c79-91ef-56a1-9e0d-1898e4a36ec8,Data Science,4-6
f0dc0003-e99e-5f5f-8bc0-75a1cf991197__f7eadbdc-fcb4-51a4-a157-0f68711593bd,f0dc0003-e99e-5f5f-8bc0-75a1cf991197,f7eadbdc-fcb4-51a4-a157-0f68711593bd,Data Science,4-6
fc29caad-7765-5ae0-8801-d439fcb37dca__3465c0e7-246c-5af6-bfc2-51f2383e1ab2,fc29caad-7765-5ae0-8801-d439fcb37dca,3465c0e7-246c-5af6-bfc2-51f2383e1ab2,Data Science,4-6
fc29caad-7765-5ae0-8801-d439fcb37dca__5bf5bd3d-fc59-5956-9abd-56a976c20131,fc29caad-7765-5ae0-8801-d439fcb37dca,5bf5bd3d-fc59-5956-9abd-56a976c20131,Data Science,4-6
fc29caad-7765-5ae0-8801-d439fcb37dca__70c000d5-56e4-53b3-9545-00cc80c18987,fc29caad-7765-5ae0-8801-d439fcb37dca,70c000d5-56e4-53b3-9545-00cc80c18987,Data Science,4-6
fc29caad-7765-5ae0-8801-d439fcb37dca__d8622c97-d5e8-59f4-988f-297e1791345c,fc29caad-7765-5ae0-8801-d439fcb37dca,d8622c97-d5e8-59f4-988f-297e1791345c,Data Science,4-6
fc29caad-7765-5ae0-8801-d439fcb37dca__e1126259-7beb-5b73-97e2-307a748e8175,fc29caad-7765-5ae0-8801-d439fcb37dca,e1126259-7beb-5b73-97e2-307a748e8175,Data Science,4-6
